timestamp,pid,name,cpu_percent,memory_percent,io_read_bytes,io_write_bytes,voluntary_context_switches,involuntary_context_switches,num_threads,status
2026-09-09T15:06:44.250263,1,systemd,0.0,0.16701476112049612,0,0,1731,54,1,sleeping
2026-09-09T15:06:44.250490,2,init-systemd(Ub,0.0,0.027827391529886468,0,0,59,0,2,sleeping
2026-09-09T15:06:44.250652,7,init,0.0,0.025810913882793246,0,0,2,0,2,sleeping
2026-09-09T15:06:44.250793,40,systemd-journald,0.0,0.2024039438269822,0,0,1977,5,1,sleeping
2026-09-09T15:06:44.250908,94,systemd-udevd,0.0,0.08070951782490622,0,0,4395,24,1,sleeping
2026-09-09T15:06:44.250995,166,systemd-resolved,0.0,0.1669643491793188,0,0,415,0,1,sleeping
2026-09-09T15:06:44.251123,167,systemd-timesyncd,0.0,0.10067264653112912,0,0,773,9,2,sleeping
2026-09-09T15:06:44.251231,177,cron,0.0,0.0338264125299888,0,0,299,0,1,sleeping
2026-09-09T15:06:44.251345,178,dbus-daemon,0.0,0.06891312358941086,0,0,1013,0,1,sleeping
2026-09-09T15:06:44.251470,208,systemd-logind,0.0,0.11130956611954587,0,0,1442,7,1,sleeping
2026-09-09T15:06:44.251620,235,agetty,0.0,0.024903498941601297,0,0,8,0,1,sleeping
2026-09-09T15:06:44.251698,237,rsyslogd,0.0,0.07430720129538523,0,0,40,2,4,sleeping
2026-09-09T15:06:44.251819,259,unattended-upgr,0.0,0.2936999692991278,0,0,123,2,2,sleeping
2026-09-09T15:06:44.251976,309,apache2,0.0,0.06467852053051511,0,0,11871,43,1,sleeping
2026-09-09T15:06:44.252093,312,apache2,0.0,0.07289566694241999,0,0,2,0,27,sleeping
2026-09-09T15:06:44.252224,313,apache2,0.0,0.07294607888359732,0,0,2,0,27,sleeping
2026-09-09T15:06:44.252362,478,SessionLeader,0.0,0.014064931588475226,0,0,2,0,1,sleeping
2026-09-09T15:06:44.252451,479,Relay(480),0.0,0.015778937588504464,0,0,5482,0,1,sleeping
2026-09-09T15:06:44.252569,480,bash,0.0,0.06931641911882952,144330752,44417024,1415,0,1,sleeping
2026-09-09T15:06:44.252647,484,login,0.0,0.05883073535394476,0,0,61,0,1,sleeping
2026-09-09T15:06:44.252813,528,systemd,0.0,0.14508556670835734,0,0,432,3,1,sleeping
2026-09-09T15:06:44.252918,530,(sd-pam),0.0,0.04501786347135618,0,0,1,0,1,sleeping
2026-09-09T15:06:44.253035,555,bash,0.0,0.06790488476586426,376832,0,45,0,1,sleeping
2026-09-09T15:06:44.253139,908,SessionLeader,0.0,0.014165755470829886,0,0,2,0,1,sleeping
2026-09-09T15:06:44.253258,909,Relay(914),0.0,0.015879761470859125,0,0,276,0,1,sleeping
2026-09-09T15:06:44.253397,914,bash,0.0,0.06876188776587888,2375680,0,57,0,1,sleeping
2026-09-09T15:06:44.253492,955,SessionLeader,0.0,0.014165755470829886,0,0,2,0,1,sleeping
2026-09-09T15:06:44.253565,957,Relay(959),0.0,0.014266579353184547,0,0,146,0,1,sleeping
2026-09-09T15:06:44.253630,959,bash,0.0,0.06876188776587888,6848512,0,73,0,1,sleeping
2026-09-09T15:06:44.253717,1508,polkitd,0.0,0.10268912417822235,0,0,44,0,4,sleeping
2026-09-09T15:06:44.253813,1678,SessionLeader,0.0,0.014165755470829886,0,0,2,0,1,sleeping
2026-09-09T15:06:44.253977,1680,Relay(1683),0.0,0.014266579353184547,0,0,114,0,1,sleeping
2026-09-09T15:06:44.254062,1683,bash,0.0,0.06871147582470155,0,0,69,0,1,sleeping
2026-09-09T15:06:44.254161,2132,ssh-agent,0.0,0.04380797688310025,0,0,41,0,1,sleeping
2026-09-09T15:06:44.254242,3026,SessionLeader,0.0,0.014165755470829886,0,0,2,0,1,sleeping
2026-09-09T15:06:44.254367,3028,Relay(3031),0.0,0.014266579353184547,0,0,248,0,1,sleeping
2026-09-09T15:06:44.254481,3031,bash,0.0,0.06861065194234689,778240,57344,147,0,1,sleeping
2026-09-09T15:06:44.254578,3222,python,0.0,0.1682750596499294,5017600,4096,67,0,1,running
2026-09-09T15:06:46.274648,1,systemd,0.0,0.16701476112049612,0,0,1731,54,1,sleeping
2026-09-09T15:06:46.274806,2,init-systemd(Ub,0.0,0.027827391529886468,0,0,59,0,2,sleeping
2026-09-09T15:06:46.274965,7,init,0.0,0.025810913882793246,0,0,2,0,2,sleeping
2026-09-09T15:06:46.275065,40,systemd-journald,0.0,0.2024039438269822,0,0,1977,5,1,sleeping
2026-09-09T15:06:46.275189,94,systemd-udevd,0.0,0.08070951782490622,0,0,4395,24,1,sleeping
2026-09-09T15:06:46.275299,166,systemd-resolved,0.0,0.1669643491793188,0,0,415,0,1,sleeping
2026-09-09T15:06:46.275422,167,systemd-timesyncd,0.0,0.10067264653112912,0,0,773,9,2,sleeping
2026-09-09T15:06:46.275534,177,cron,0.0,0.0338264125299888,0,0,299,0,1,sleeping
2026-09-09T15:06:46.275622,178,dbus-daemon,0.0,0.06891312358941086,0,0,1013,0,1,sleeping
2026-09-09T15:06:46.275768,208,systemd-logind,0.0,0.11130956611954587,0,0,1442,7,1,sleeping
2026-09-09T15:06:46.275863,235,agetty,0.0,0.024903498941601297,0,0,8,0,1,sleeping
2026-09-09T15:06:46.275958,237,rsyslogd,0.0,0.07430720129538523,0,0,40,2,4,sleeping
2026-09-09T15:06:46.276046,259,unattended-upgr,0.0,0.2936999692991278,0,0,123,2,2,sleeping
2026-09-09T15:06:46.276166,309,apache2,0.0,0.06467852053051511,0,0,11873,43,1,sleeping
2026-09-09T15:06:46.276265,312,apache2,0.0,0.07289566694241999,0,0,2,0,27,sleeping
2026-09-09T15:06:46.276355,313,apache2,0.0,0.07294607888359732,0,0,2,0,27,sleeping
2026-09-09T15:06:46.276435,478,SessionLeader,0.0,0.014064931588475226,0,0,2,0,1,sleeping
2026-09-09T15:06:46.276517,479,Relay(480),0.0,0.015778937588504464,0,0,5482,0,1,sleeping
2026-09-09T15:06:46.276619,480,bash,0.0,0.06931641911882952,144330752,44417024,1415,0,1,sleeping
2026-09-09T15:06:46.276712,484,login,0.0,0.05883073535394476,0,0,61,0,1,sleeping
2026-09-09T15:06:46.276809,528,systemd,0.0,0.14508556670835734,0,0,432,3,1,sleeping
2026-09-09T15:06:46.276893,530,(sd-pam),0.0,0.04501786347135618,0,0,1,0,1,sleeping
2026-09-09T15:06:46.276990,555,bash,0.0,0.06790488476586426,376832,0,45,0,1,sleeping
2026-09-09T15:06:46.277074,908,SessionLeader,0.0,0.014165755470829886,0,0,2,0,1,sleeping
2026-09-09T15:06:46.277252,909,Relay(914),0.0,0.015879761470859125,0,0,276,0,1,sleeping
2026-09-09T15:06:46.277372,914,bash,0.0,0.06876188776587888,2375680,0,57,0,1,sleeping
2026-09-09T15:06:46.277463,955,SessionLeader,0.0,0.014165755470829886,0,0,2,0,1,sleeping
2026-09-09T15:06:46.277546,957,Relay(959),0.0,0.014266579353184547,0,0,146,0,1,sleeping
2026-09-09T15:06:46.277638,959,bash,0.0,0.06876188776587888,6848512,0,73,0,1,sleeping
2026-09-09T15:06:46.277756,1508,polkitd,0.0,0.10268912417822235,0,0,44,0,4,sleeping
2026-09-09T15:06:46.277857,1678,SessionLeader,0.0,0.014165755470829886,0,0,2,0,1,sleeping
2026-09-09T15:06:46.277943,1680,Relay(1683),0.0,0.014266579353184547,0,0,114,0,1,sleeping
2026-09-09T15:06:46.278038,1683,bash,0.0,0.06871147582470155,0,0,69,0,1,sleeping
2026-09-09T15:06:46.278127,2132,ssh-agent,0.0,0.04380797688310025,0,0,41,0,1,sleeping
2026-09-09T15:06:46.278205,3026,SessionLeader,0.0,0.014165755470829886,0,0,2,0,1,sleeping
2026-09-09T15:06:46.278389,3028,Relay(3031),0.0,0.014266579353184547,0,0,248,0,1,sleeping
2026-09-09T15:06:46.278492,3031,bash,0.0,0.06861065194234689,778240,57344,147,0,1,sleeping
2026-09-09T15:06:46.278586,3222,python,0.5,0.16832547159110672,5017600,4096,68,0,1,running
2026-09-09T15:06:48.290937,1,systemd,0.0,0.16701476112049612,0,0,1731,54,1,sleeping
2026-09-09T15:06:48.291079,2,init-systemd(Ub,0.0,0.027827391529886468,0,0,59,0,2,sleeping
2026-09-09T15:06:48.291245,7,init,0.0,0.025810913882793246,0,0,2,0,2,sleeping
2026-09-09T15:06:48.291345,40,systemd-journald,0.0,0.2024039438269822,0,0,1977,5,1,sleeping
2026-09-09T15:06:48.291469,94,systemd-udevd,0.0,0.08070951782490622,0,0,4395,24,1,sleeping
2026-09-09T15:06:48.291558,166,systemd-resolved,0.0,0.1669643491793188,0,0,415,0,1,sleeping
2026-09-09T15:06:48.291727,167,systemd-timesyncd,0.0,0.10067264653112912,0,0,773,9,2,sleeping
2026-09-09T15:06:48.291857,177,cron,0.0,0.0338264125299888,0,0,299,0,1,sleeping
2026-09-09T15:06:48.291948,178,dbus-daemon,0.0,0.06891312358941086,0,0,1013,0,1,sleeping
2026-09-09T15:06:48.292035,208,systemd-logind,0.0,0.11130956611954587,0,0,1442,7,1,sleeping
2026-09-09T15:06:48.292120,235,agetty,0.0,0.024903498941601297,0,0,8,0,1,sleeping
2026-09-09T15:06:48.292256,237,rsyslogd,0.0,0.07430720129538523,0,0,40,2,4,sleeping
2026-09-09T15:06:48.292363,259,unattended-upgr,0.0,0.2936999692991278,0,0,123,2,2,sleeping
2026-09-09T15:06:48.292485,309,apache2,0.0,0.06467852053051511,0,0,11875,43,1,sleeping
2026-09-09T15:06:48.292581,312,apache2,0.0,0.07289566694241999,0,0,2,0,27,sleeping
2026-09-09T15:06:48.292670,313,apache2,0.0,0.07294607888359732,0,0,2,0,27,sleeping
2026-09-09T15:06:48.292753,478,SessionLeader,0.0,0.014064931588475226,0,0,2,0,1,sleeping
2026-09-09T15:06:48.292835,479,Relay(480),0.0,0.015778937588504464,0,0,5482,0,1,sleeping
2026-09-09T15:06:48.292939,480,bash,0.0,0.06931641911882952,144330752,44417024,1415,0,1,sleeping
2026-09-09T15:06:48.293028,484,login,0.0,0.05883073535394476,0,0,61,0,1,sleeping
2026-09-09T15:06:48.293208,528,systemd,0.0,0.14508556670835734,0,0,432,3,1,sleeping
2026-09-09T15:06:48.293324,530,(sd-pam),0.0,0.04501786347135618,0,0,1,0,1,sleeping
2026-09-09T15:06:48.293438,555,bash,0.0,0.06790488476586426,376832,0,45,0,1,sleeping
2026-09-09T15:06:48.293526,908,SessionLeader,0.0,0.014165755470829886,0,0,2,0,1,sleeping
2026-09-09T15:06:48.293610,909,Relay(914),0.0,0.015879761470859125,0,0,276,0,1,sleeping
2026-09-09T15:06:48.293704,914,bash,0.0,0.06876188776587888,2375680,0,57,0,1,sleeping
2026-09-09T15:06:48.293788,955,SessionLeader,0.0,0.014165755470829886,0,0,2,0,1,sleeping
2026-09-09T15:06:48.293879,957,Relay(959),0.0,0.014266579353184547,0,0,146,0,1,sleeping
2026-09-09T15:06:48.294009,959,bash,0.0,0.06876188776587888,6848512,0,73,0,1,sleeping
2026-09-09T15:06:48.294130,1508,polkitd,0.0,0.10268912417822235,0,0,44,0,4,sleeping
2026-09-09T15:06:48.294250,1678,SessionLeader,0.0,0.014165755470829886,0,0,2,0,1,sleeping
2026-09-09T15:06:48.294368,1680,Relay(1683),0.0,0.014266579353184547,0,0,114,0,1,sleeping
2026-09-09T15:06:48.294473,1683,bash,0.0,0.06871147582470155,0,0,69,0,1,sleeping
2026-09-09T15:06:48.294561,2132,ssh-agent,0.0,0.04380797688310025,0,0,41,0,1,sleeping
2026-09-09T15:06:48.294643,3026,SessionLeader,0.0,0.014165755470829886,0,0,2,0,1,sleeping
2026-09-09T15:06:48.294735,3028,Relay(3031),0.0,0.014266579353184547,0,0,248,0,1,sleeping
2026-09-09T15:06:48.294834,3031,bash,0.0,0.06861065194234689,778240,57344,147,0,1,sleeping
2026-09-09T15:06:48.294924,3222,python,0.0,0.16832547159110672,5017600,8192,69,0,1,running
2026-09-09T15:06:49.563068,1,systemd,0.0,0.16701476112049612,0,0,1732,54,1,sleeping
2026-09-09T15:06:49.563210,2,init-systemd(Ub,0.0,0.027827391529886468,0,0,59,0,2,sleeping
2026-09-09T15:06:49.563361,7,init,0.0,0.025810913882793246,0,0,2,0,2,sleeping
2026-09-09T15:06:49.563455,40,systemd-journald,0.0,0.2024039438269822,0,0,1979,5,1,sleeping
2026-09-09T15:06:49.563618,94,systemd-udevd,0.0,0.08070951782490622,0,0,4395,24,1,sleeping
2026-09-09T15:06:49.563721,166,systemd-resolved,0.0,0.1669643491793188,0,0,416,0,1,sleeping
2026-09-09T15:06:49.563844,167,systemd-timesyncd,0.0,0.10067264653112912,0,0,775,9,2,sleeping
2026-09-09T15:06:49.563976,177,cron,0.0,0.0338264125299888,0,0,299,0,1,sleeping
2026-09-09T15:06:49.564068,178,dbus-daemon,0.0,0.06891312358941086,0,0,1015,0,1,sleeping
2026-09-09T15:06:49.564161,208,systemd-logind,0.0,0.11130956611954587,0,0,1446,7,1,sleeping
2026-09-09T15:06:49.564249,235,agetty,0.0,0.024903498941601297,0,0,8,0,1,sleeping
2026-09-09T15:06:49.564347,237,rsyslogd,0.0,0.07430720129538523,0,0,40,2,4,sleeping
2026-09-09T15:06:49.564438,259,unattended-upgr,0.0,0.2936999692991278,0,0,123,2,2,sleeping
2026-09-09T15:06:49.564597,309,apache2,0.0,0.06467852053051511,0,0,11877,43,1,sleeping
2026-09-09T15:06:49.564711,312,apache2,0.0,0.07289566694241999,0,0,2,0,27,sleeping
2026-09-09T15:06:49.564817,313,apache2,0.0,0.07294607888359732,0,0,2,0,27,sleeping
2026-09-09T15:06:49.565059,478,SessionLeader,0.0,0.014064931588475226,0,0,2,0,1,sleeping
2026-09-09T15:06:49.565170,479,Relay(480),0.0,0.015778937588504464,0,0,5482,0,1,sleeping
2026-09-09T15:06:49.565281,480,bash,0.0,0.06931641911882952,144330752,44417024,1415,0,1,sleeping
2026-09-09T15:06:49.565375,484,login,0.0,0.05883073535394476,0,0,61,0,1,sleeping
2026-09-09T15:06:49.565484,528,systemd,0.0,0.14508556670835734,0,0,433,3,1,sleeping
2026-09-09T15:06:49.565592,530,(sd-pam),0.0,0.04501786347135618,0,0,1,0,1,sleeping
2026-09-09T15:06:49.565719,555,bash,0.0,0.06790488476586426,376832,0,45,0,1,sleeping
2026-09-09T15:06:49.565813,908,SessionLeader,0.0,0.014165755470829886,0,0,2,0,1,sleeping
2026-09-09T15:06:49.565908,909,Relay(914),0.0,0.015879761470859125,0,0,276,0,1,sleeping
2026-09-09T15:06:49.566004,914,bash,0.0,0.06876188776587888,2375680,0,57,0,1,sleeping
2026-09-09T15:06:49.566089,955,SessionLeader,0.0,0.014165755470829886,0,0,2,0,1,sleeping
2026-09-09T15:06:49.566171,957,Relay(959),0.0,0.014266579353184547,0,0,146,0,1,sleeping
2026-09-09T15:06:49.566265,959,bash,0.0,0.06876188776587888,6848512,0,73,0,1,sleeping
2026-09-09T15:06:49.566364,1508,polkitd,0.0,0.10268912417822235,0,0,44,0,4,sleeping
2026-09-09T15:06:49.566448,1678,SessionLeader,0.0,0.014165755470829886,0,0,2,0,1,sleeping
2026-09-09T15:06:49.566531,1680,Relay(1683),0.0,0.014266579353184547,0,0,114,0,1,sleeping
2026-09-09T15:06:49.566648,1683,bash,0.0,0.06871147582470155,0,0,69,0,1,sleeping
2026-09-09T15:06:49.566742,2132,ssh-agent,0.0,0.04380797688310025,0,0,41,0,1,sleeping
2026-09-09T15:06:49.566857,3026,SessionLeader,0.0,0.014165755470829886,0,0,2,0,1,sleeping
2026-09-09T15:06:49.566981,3028,Relay(3031),0.0,0.014266579353184547,0,0,248,0,1,sleeping
2026-09-09T15:06:49.567094,3031,bash,0.0,0.06861065194234689,778240,57344,147,0,1,sleeping
2026-09-09T15:06:49.567181,3222,python,0.5,0.16832547159110672,5017600,12288,70,0,1,running
2026-09-09T15:06:51.568309,1,systemd,0.0,0.16701476112049612,0,0,1732,54,1,sleeping
2026-09-09T15:06:51.568427,2,init-systemd(Ub,0.0,0.027827391529886468,0,0,59,0,2,sleeping
2026-09-09T15:06:51.568564,7,init,0.0,0.025810913882793246,0,0,2,0,2,sleeping
2026-09-09T15:06:51.568647,40,systemd-journald,0.0,0.2024039438269822,0,0,1979,5,1,sleeping
2026-09-09T15:06:51.568758,94,systemd-udevd,0.0,0.08070951782490622,0,0,4395,24,1,sleeping
2026-09-09T15:06:51.568835,166,systemd-resolved,0.0,0.1669643491793188,0,0,416,0,1,sleeping
2026-09-09T15:06:51.569026,167,systemd-timesyncd,0.0,0.10067264653112912,0,0,775,9,2,sleeping
2026-09-09T15:06:51.569183,177,cron,0.0,0.0338264125299888,0,0,299,0,1,sleeping
2026-09-09T15:06:51.569275,178,dbus-daemon,0.0,0.06891312358941086,0,0,1015,0,1,sleeping
2026-09-09T15:06:51.569354,208,systemd-logind,0.0,0.11130956611954587,0,0,1446,7,1,sleeping
2026-09-09T15:06:51.569422,235,agetty,0.0,0.024903498941601297,0,0,8,0,1,sleeping
2026-09-09T15:06:51.569489,237,rsyslogd,0.0,0.07430720129538523,0,0,40,2,4,sleeping
2026-09-09T15:06:51.569556,259,unattended-upgr,0.0,0.2936999692991278,0,0,123,2,2,sleeping
2026-09-09T15:06:51.569723,309,apache2,0.0,0.06467852053051511,0,0,11879,43,1,sleeping
2026-09-09T15:06:51.569803,312,apache2,0.0,0.07289566694241999,0,0,2,0,27,sleeping
2026-09-09T15:06:51.569871,313,apache2,0.0,0.07294607888359732,0,0,2,0,27,sleeping
2026-09-09T15:06:51.569933,478,SessionLeader,0.0,0.014064931588475226,0,0,2,0,1,sleeping
2026-09-09T15:06:51.569993,479,Relay(480),0.0,0.015778937588504464,0,0,5482,0,1,sleeping
2026-09-09T15:06:51.570068,480,bash,0.0,0.06931641911882952,144330752,44417024,1415,0,1,sleeping
2026-09-09T15:06:51.570138,484,login,0.0,0.05883073535394476,0,0,61,0,1,sleeping
2026-09-09T15:06:51.570208,528,systemd,0.0,0.14508556670835734,0,0,433,3,1,sleeping
2026-09-09T15:06:51.570267,530,(sd-pam),0.0,0.04501786347135618,0,0,1,0,1,sleeping
2026-09-09T15:06:51.570335,555,bash,0.0,0.06790488476586426,376832,0,45,0,1,sleeping
2026-09-09T15:06:51.570390,908,SessionLeader,0.0,0.014165755470829886,0,0,2,0,1,sleeping
2026-09-09T15:06:51.570439,909,Relay(914),0.0,0.015879761470859125,0,0,276,0,1,sleeping
2026-09-09T15:06:51.570494,914,bash,0.0,0.06876188776587888,2375680,0,57,0,1,sleeping
2026-09-09T15:06:51.570543,955,SessionLeader,0.0,0.014165755470829886,0,0,2,0,1,sleeping
2026-09-09T15:06:51.570590,957,Relay(959),0.0,0.014266579353184547,0,0,146,0,1,sleeping
2026-09-09T15:06:51.570642,959,bash,0.0,0.06876188776587888,6848512,0,73,0,1,sleeping
2026-09-09T15:06:51.570691,1508,polkitd,0.0,0.10268912417822235,0,0,44,0,4,sleeping
2026-09-09T15:06:51.570737,1678,SessionLeader,0.0,0.014165755470829886,0,0,2,0,1,sleeping
2026-09-09T15:06:51.570781,1680,Relay(1683),0.0,0.014266579353184547,0,0,114,0,1,sleeping
2026-09-09T15:06:51.570833,1683,bash,0.0,0.06871147582470155,0,0,69,0,1,sleeping
2026-09-09T15:06:51.570882,2132,ssh-agent,0.0,0.04380797688310025,0,0,41,0,1,sleeping
2026-09-09T15:06:51.570924,3026,SessionLeader,0.0,0.014165755470829886,0,0,2,0,1,sleeping
2026-09-09T15:06:51.570965,3028,Relay(3031),0.0,0.014266579353184547,0,0,248,0,1,sleeping
2026-09-09T15:06:51.571013,3031,bash,0.0,0.06861065194234689,778240,57344,147,0,1,sleeping
2026-09-09T15:06:51.571062,3222,python,0.5,0.16832547159110672,5017600,16384,71,0,1,running
2026-09-09T15:06:53.572443,1,systemd,0.0,0.16701476112049612,0,0,1732,54,1,sleeping
2026-09-09T15:06:53.572589,2,init-systemd(Ub,0.0,0.027827391529886468,0,0,59,0,2,sleeping
2026-09-09T15:06:53.572755,7,init,0.0,0.025810913882793246,0,0,2,0,2,sleeping
2026-09-09T15:06:53.572866,40,systemd-journald,0.0,0.2024039438269822,0,0,1979,5,1,sleeping
2026-09-09T15:06:53.573090,94,systemd-udevd,0.0,0.08070951782490622,0,0,4395,24,1,sleeping
2026-09-09T15:06:53.573191,166,systemd-resolved,0.0,0.1669643491793188,0,0,416,0,1,sleeping
2026-09-09T15:06:53.573358,167,systemd-timesyncd,0.0,0.10067264653112912,0,0,775,9,2,sleeping
2026-09-09T15:06:53.573476,177,cron,0.0,0.0338264125299888,0,0,299,0,1,sleeping
2026-09-09T15:06:53.573566,178,dbus-daemon,0.0,0.06891312358941086,0,0,1015,0,1,sleeping
2026-09-09T15:06:53.573652,208,systemd-logind,0.0,0.11130956611954587,0,0,1446,7,1,sleeping
2026-09-09T15:06:53.573750,235,agetty,0.0,0.024903498941601297,0,0,8,0,1,sleeping
2026-09-09T15:06:53.573842,237,rsyslogd,0.0,0.07430720129538523,0,0,40,2,4,sleeping
2026-09-09T15:06:53.573930,259,unattended-upgr,0.0,0.2936999692991278,0,0,123,2,2,sleeping
2026-09-09T15:06:53.574044,309,apache2,0.0,0.06467852053051511,0,0,11881,43,1,sleeping
2026-09-09T15:06:53.574137,312,apache2,0.0,0.07289566694241999,0,0,2,0,27,sleeping
2026-09-09T15:06:53.574255,313,apache2,0.0,0.07294607888359732,0,0,2,0,27,sleeping
2026-09-09T15:06:53.574368,478,SessionLeader,0.0,0.014064931588475226,0,0,2,0,1,sleeping
2026-09-09T15:06:53.574458,479,Relay(480),0.0,0.015778937588504464,0,0,5482,0,1,sleeping
2026-09-09T15:06:53.574566,480,bash,0.0,0.06931641911882952,144330752,44417024,1415,0,1,sleeping
2026-09-09T15:06:53.574659,484,login,0.0,0.05883073535394476,0,0,61,0,1,sleeping
2026-09-09T15:06:53.574753,528,systemd,0.0,0.14508556670835734,0,0,433,3,1,sleeping
2026-09-09T15:06:53.574839,530,(sd-pam),0.0,0.04501786347135618,0,0,1,0,1,sleeping
2026-09-09T15:06:53.574934,555,bash,0.0,0.06790488476586426,376832,0,45,0,1,sleeping
2026-09-09T15:06:53.575018,908,SessionLeader,0.0,0.014165755470829886,0,0,2,0,1,sleeping
2026-09-09T15:06:53.575100,909,Relay(914),0.0,0.015879761470859125,0,0,276,0,1,sleeping
2026-09-09T15:06:53.575192,914,bash,0.0,0.06876188776587888,2375680,0,57,0,1,sleeping
2026-09-09T15:06:53.575275,955,SessionLeader,0.0,0.014165755470829886,0,0,2,0,1,sleeping
2026-09-09T15:06:53.575355,957,Relay(959),0.0,0.014266579353184547,0,0,146,0,1,sleeping
2026-09-09T15:06:53.575443,959,bash,0.0,0.06876188776587888,6848512,0,73,0,1,sleeping
2026-09-09T15:06:53.575530,1508,polkitd,0.0,0.10268912417822235,0,0,44,0,4,sleeping
2026-09-09T15:06:53.575605,1678,SessionLeader,0.0,0.014165755470829886,0,0,2,0,1,sleeping
2026-09-09T15:06:53.575678,1680,Relay(1683),0.0,0.014266579353184547,0,0,114,0,1,sleeping
2026-09-09T15:06:53.575803,1683,bash,0.0,0.06871147582470155,0,0,69,0,1,sleeping
2026-09-09T15:06:53.575905,2132,ssh-agent,0.0,0.04380797688310025,0,0,41,0,1,sleeping
2026-09-09T15:06:53.575983,3026,SessionLeader,0.0,0.014165755470829886,0,0,2,0,1,sleeping
2026-09-09T15:06:53.576056,3028,Relay(3031),0.0,0.014266579353184547,0,0,248,0,1,sleeping
2026-09-09T15:06:53.576135,3031,bash,0.0,0.06861065194234689,778240,57344,147,0,1,sleeping
2026-09-09T15:06:53.576212,3222,python,0.0,0.16842629547346138,5017600,20480,72,0,1,running
2026-09-09T15:06:55.589660,1,systemd,0.0,0.16701476112049612,0,0,1732,54,1,sleeping
2026-09-09T15:06:55.589812,2,init-systemd(Ub,0.0,0.027827391529886468,0,0,59,0,2,sleeping
2026-09-09T15:06:55.589978,7,init,0.0,0.025810913882793246,0,0,2,0,2,sleeping
2026-09-09T15:06:55.590077,40,systemd-journald,0.0,0.2024039438269822,0,0,1979,5,1,sleeping
2026-09-09T15:06:55.590201,94,systemd-udevd,0.0,0.08070951782490622,0,0,4395,24,1,sleeping
2026-09-09T15:06:55.590290,166,systemd-resolved,0.0,0.1669643491793188,0,0,416,0,1,sleeping
2026-09-09T15:06:55.590403,167,systemd-timesyncd,0.0,0.10067264653112912,0,0,775,9,2,sleeping
2026-09-09T15:06:55.590510,177,cron,0.0,0.0338264125299888,0,0,299,0,1,sleeping
2026-09-09T15:06:55.590594,178,dbus-daemon,0.0,0.06891312358941086,0,0,1015,0,1,sleeping
2026-09-09T15:06:55.590693,208,systemd-logind,0.0,0.11130956611954587,0,0,1446,7,1,sleeping
2026-09-09T15:06:55.590806,235,agetty,0.0,0.024903498941601297,0,0,8,0,1,sleeping
2026-09-09T15:06:55.590921,237,rsyslogd,0.0,0.07430720129538523,0,0,40,2,4,sleeping
2026-09-09T15:06:55.591015,259,unattended-upgr,0.0,0.2936999692991278,0,0,123,2,2,sleeping
2026-09-09T15:06:55.591134,309,apache2,0.0,0.06467852053051511,0,0,11883,43,1,sleeping
2026-09-09T15:06:55.591231,312,apache2,0.0,0.07289566694241999,0,0,2,0,27,sleeping
2026-09-09T15:06:55.591319,313,apache2,0.0,0.07294607888359732,0,0,2,0,27,sleeping
2026-09-09T15:06:55.591404,478,SessionLeader,0.0,0.014064931588475226,0,0,2,0,1,sleeping
2026-09-09T15:06:55.591487,479,Relay(480),0.0,0.015778937588504464,0,0,5482,0,1,sleeping
2026-09-09T15:06:55.591594,480,bash,0.0,0.06931641911882952,144330752,44417024,1415,0,1,sleeping
2026-09-09T15:06:55.591689,484,login,0.0,0.05883073535394476,0,0,61,0,1,sleeping
2026-09-09T15:06:55.591787,528,systemd,0.0,0.14508556670835734,0,0,433,3,1,sleeping
2026-09-09T15:06:55.591871,530,(sd-pam),0.0,0.04501786347135618,0,0,1,0,1,sleeping
2026-09-09T15:06:55.591968,555,bash,0.0,0.06790488476586426,376832,0,45,0,1,sleeping
2026-09-09T15:06:55.592055,908,SessionLeader,0.0,0.014165755470829886,0,0,2,0,1,sleeping
2026-09-09T15:06:55.592136,909,Relay(914),0.0,0.015879761470859125,0,0,276,0,1,sleeping
2026-09-09T15:06:55.592228,914,bash,0.0,0.06876188776587888,2375680,0,57,0,1,sleeping
2026-09-09T15:06:55.592312,955,SessionLeader,0.0,0.014165755470829886,0,0,2,0,1,sleeping
2026-09-09T15:06:55.592393,957,Relay(959),0.0,0.014266579353184547,0,0,146,0,1,sleeping
2026-09-09T15:06:55.592484,959,bash,0.0,0.06876188776587888,6848512,0,73,0,1,sleeping
2026-09-09T15:06:55.592573,1508,polkitd,0.0,0.10268912417822235,0,0,44,0,4,sleeping
2026-09-09T15:06:55.592653,1678,SessionLeader,0.0,0.014165755470829886,0,0,2,0,1,sleeping
2026-09-09T15:06:55.592732,1680,Relay(1683),0.0,0.014266579353184547,0,0,114,0,1,sleeping
2026-09-09T15:06:55.592822,1683,bash,0.0,0.06871147582470155,0,0,69,0,1,sleeping
2026-09-09T15:06:55.593025,2132,ssh-agent,0.0,0.04380797688310025,0,0,41,0,1,sleeping
2026-09-09T15:06:55.593138,3026,SessionLeader,0.0,0.014165755470829886,0,0,2,0,1,sleeping
2026-09-09T15:06:55.593226,3028,Relay(3031),0.0,0.014266579353184547,0,0,248,0,1,sleeping
2026-09-09T15:06:55.593316,3031,bash,0.0,0.06861065194234689,778240,57344,147,0,1,sleeping
2026-09-09T15:06:55.593405,3222,python,0.0,0.16842629547346138,5017600,20480,73,0,1,running
2026-09-09T15:06:57.608619,1,systemd,0.0,0.16701476112049612,0,0,1732,54,1,sleeping
2026-09-09T15:06:57.608763,2,init-systemd(Ub,0.0,0.027827391529886468,0,0,59,0,2,sleeping
2026-09-09T15:06:57.609003,7,init,0.0,0.025810913882793246,0,0,2,0,2,sleeping
2026-09-09T15:06:57.609146,40,systemd-journald,0.0,0.2024039438269822,0,0,1979,5,1,sleeping
2026-09-09T15:06:57.609298,94,systemd-udevd,0.0,0.08070951782490622,0,0,4395,24,1,sleeping
2026-09-09T15:06:57.609394,166,systemd-resolved,0.0,0.1669643491793188,0,0,416,0,1,sleeping
2026-09-09T15:06:57.609514,167,systemd-timesyncd,0.0,0.10067264653112912,0,0,775,9,2,sleeping
2026-09-09T15:06:57.609629,177,cron,0.0,0.0338264125299888,0,0,299,0,1,sleeping
2026-09-09T15:06:57.609728,178,dbus-daemon,0.0,0.06891312358941086,0,0,1015,0,1,sleeping
2026-09-09T15:06:57.609819,208,systemd-logind,0.0,0.11130956611954587,0,0,1446,7,1,sleeping
2026-09-09T15:06:57.609913,235,agetty,0.0,0.024903498941601297,0,0,8,0,1,sleeping
2026-09-09T15:06:57.610004,237,rsyslogd,0.0,0.07430720129538523,0,0,40,2,4,sleeping
2026-09-09T15:06:57.610125,259,unattended-upgr,0.0,0.2936999692991278,0,0,123,2,2,sleeping
2026-09-09T15:06:57.610277,309,apache2,0.0,0.06467852053051511,0,0,11885,43,1,sleeping
2026-09-09T15:06:57.610388,312,apache2,0.0,0.07289566694241999,0,0,2,0,27,sleeping
2026-09-09T15:06:57.610483,313,apache2,0.0,0.07294607888359732,0,0,2,0,27,sleeping
2026-09-09T15:06:57.610570,478,SessionLeader,0.0,0.014064931588475226,0,0,2,0,1,sleeping
2026-09-09T15:06:57.610654,479,Relay(480),0.0,0.015778937588504464,0,0,5482,0,1,sleeping
2026-09-09T15:06:57.610760,480,bash,0.0,0.06931641911882952,144330752,44417024,1415,0,1,sleeping
2026-09-09T15:06:57.610865,484,login,0.0,0.05883073535394476,0,0,61,0,1,sleeping
2026-09-09T15:06:57.610960,528,systemd,0.0,0.14508556670835734,0,0,433,3,1,sleeping
2026-09-09T15:06:57.611043,530,(sd-pam),0.0,0.04501786347135618,0,0,1,0,1,sleeping
2026-09-09T15:06:57.611170,555,bash,0.0,0.06790488476586426,376832,0,45,0,1,sleeping
2026-09-09T15:06:57.611276,908,SessionLeader,0.0,0.014165755470829886,0,0,2,0,1,sleeping
2026-09-09T15:06:57.611363,909,Relay(914),0.0,0.015879761470859125,0,0,276,0,1,sleeping
2026-09-09T15:06:57.611458,914,bash,0.0,0.06876188776587888,2375680,0,57,0,1,sleeping
2026-09-09T15:06:57.611534,955,SessionLeader,0.0,0.014165755470829886,0,0,2,0,1,sleeping
2026-09-09T15:06:57.611608,957,Relay(959),0.0,0.014266579353184547,0,0,146,0,1,sleeping
2026-09-09T15:06:57.611688,959,bash,0.0,0.06876188776587888,6848512,0,73,0,1,sleeping
2026-09-09T15:06:57.611794,1508,polkitd,0.0,0.10268912417822235,0,0,44,0,4,sleeping
2026-09-09T15:06:57.611882,1678,SessionLeader,0.0,0.014165755470829886,0,0,2,0,1,sleeping
2026-09-09T15:06:57.611971,1680,Relay(1683),0.0,0.014266579353184547,0,0,114,0,1,sleeping
2026-09-09T15:06:57.612059,1683,bash,0.0,0.06871147582470155,0,0,69,0,1,sleeping
2026-09-09T15:06:57.612130,2132,ssh-agent,0.0,0.04380797688310025,0,0,41,0,1,sleeping
2026-09-09T15:06:57.612230,3026,SessionLeader,0.0,0.014165755470829886,0,0,2,0,1,sleeping
2026-09-09T15:06:57.612299,3028,Relay(3031),0.0,0.014266579353184547,0,0,248,0,1,sleeping
2026-09-09T15:06:57.612384,3031,bash,0.0,0.06861065194234689,778240,57344,147,0,1,sleeping
2026-09-09T15:06:57.612454,3222,python,0.5,0.16842629547346138,5017600,24576,74,0,1,running
2026-09-09T15:06:59.615002,1,systemd,0.0,0.16701476112049612,0,0,1732,54,1,sleeping
2026-09-09T15:06:59.615149,2,init-systemd(Ub,0.0,0.027827391529886468,0,0,59,0,2,sleeping
2026-09-09T15:06:59.615312,7,init,0.0,0.025810913882793246,0,0,2,0,2,sleeping
2026-09-09T15:06:59.615406,40,systemd-journald,0.0,0.2024039438269822,0,0,1979,5,1,sleeping
2026-09-09T15:06:59.615637,94,systemd-udevd,0.0,0.08070951782490622,0,0,4395,24,1,sleeping
2026-09-09T15:06:59.615736,166,systemd-resolved,0.0,0.1669643491793188,0,0,416,0,1,sleeping
2026-09-09T15:06:59.615853,167,systemd-timesyncd,0.0,0.10067264653112912,0,0,775,9,2,sleeping
2026-09-09T15:06:59.615969,177,cron,0.0,0.0338264125299888,0,0,299,0,1,sleeping
2026-09-09T15:06:59.616056,178,dbus-daemon,0.0,0.06891312358941086,0,0,1015,0,1,sleeping
2026-09-09T15:06:59.616142,208,systemd-logind,0.0,0.11130956611954587,0,0,1446,7,1,sleeping
2026-09-09T15:06:59.616226,235,agetty,0.0,0.024903498941601297,0,0,8,0,1,sleeping
2026-09-09T15:06:59.616310,237,rsyslogd,0.0,0.07430720129538523,0,0,40,2,4,sleeping
2026-09-09T15:06:59.616396,259,unattended-upgr,0.0,0.2936999692991278,0,0,123,2,2,sleeping
2026-09-09T15:06:59.616547,309,apache2,0.0,0.06467852053051511,0,0,11887,43,1,sleeping
2026-09-09T15:06:59.616653,312,apache2,0.0,0.07289566694241999,0,0,2,0,27,sleeping
2026-09-09T15:06:59.616744,313,apache2,0.0,0.07294607888359732,0,0,2,0,27,sleeping
2026-09-09T15:06:59.616831,478,SessionLeader,0.0,0.014064931588475226,0,0,2,0,1,sleeping
2026-09-09T15:06:59.616985,479,Relay(480),0.0,0.015778937588504464,0,0,5482,0,1,sleeping
2026-09-09T15:06:59.617118,480,bash,0.0,0.06931641911882952,144330752,44417024,1415,0,1,sleeping
2026-09-09T15:06:59.617216,484,login,0.0,0.05883073535394476,0,0,61,0,1,sleeping
2026-09-09T15:06:59.617319,528,systemd,0.0,0.14508556670835734,0,0,433,3,1,sleeping
2026-09-09T15:06:59.617407,530,(sd-pam),0.0,0.04501786347135618,0,0,1,0,1,sleeping
2026-09-09T15:06:59.617530,555,bash,0.0,0.06790488476586426,376832,0,45,0,1,sleeping
2026-09-09T15:06:59.617633,908,SessionLeader,0.0,0.014165755470829886,0,0,2,0,1,sleeping
2026-09-09T15:06:59.617724,909,Relay(914),0.0,0.015879761470859125,0,0,276,0,1,sleeping
2026-09-09T15:06:59.617824,914,bash,0.0,0.06876188776587888,2375680,0,57,0,1,sleeping
2026-09-09T15:06:59.617911,955,SessionLeader,0.0,0.014165755470829886,0,0,2,0,1,sleeping
2026-09-09T15:06:59.617999,957,Relay(959),0.0,0.014266579353184547,0,0,146,0,1,sleeping
2026-09-09T15:06:59.618092,959,bash,0.0,0.06876188776587888,6848512,0,73,0,1,sleeping
2026-09-09T15:06:59.618179,1508,polkitd,0.0,0.10268912417822235,0,0,44,0,4,sleeping
2026-09-09T15:06:59.618262,1678,SessionLeader,0.0,0.014165755470829886,0,0,2,0,1,sleeping
2026-09-09T15:06:59.618341,1680,Relay(1683),0.0,0.014266579353184547,0,0,114,0,1,sleeping
2026-09-09T15:06:59.618433,1683,bash,0.0,0.06871147582470155,0,0,69,0,1,sleeping
2026-09-09T15:06:59.618545,2132,ssh-agent,0.0,0.04380797688310025,0,0,41,0,1,sleeping
2026-09-09T15:06:59.618650,3026,SessionLeader,0.0,0.014165755470829886,0,0,2,0,1,sleeping
2026-09-09T15:06:59.618736,3028,Relay(3031),0.0,0.014266579353184547,0,0,248,0,1,sleeping
2026-09-09T15:06:59.618832,3031,bash,0.0,0.06861065194234689,778240,57344,147,0,1,sleeping
2026-09-09T15:06:59.618924,3222,python,0.0,0.16842629547346138,5017600,28672,75,0,1,running
2026-09-09T15:07:01.636448,1,systemd,0.0,0.16701476112049612,0,0,1732,54,1,sleeping
2026-09-09T15:07:01.636628,2,init-systemd(Ub,0.0,0.027827391529886468,0,0,59,0,2,sleeping
2026-09-09T15:07:01.636799,7,init,0.0,0.025810913882793246,0,0,2,0,2,sleeping
2026-09-09T15:07:01.636973,40,systemd-journald,0.0,0.2024039438269822,0,0,1979,5,1,sleeping
2026-09-09T15:07:01.637129,94,systemd-udevd,0.0,0.08070951782490622,0,0,4395,24,1,sleeping
2026-09-09T15:07:01.637226,166,systemd-resolved,0.0,0.1669643491793188,0,0,416,0,1,sleeping
2026-09-09T15:07:01.637339,167,systemd-timesyncd,0.0,0.10067264653112912,0,0,775,9,2,sleeping
2026-09-09T15:07:01.637495,177,cron,0.0,0.0338264125299888,0,0,300,0,1,sleeping
2026-09-09T15:07:01.637627,178,dbus-daemon,0.0,0.06891312358941086,0,0,1015,0,1,sleeping
2026-09-09T15:07:01.637730,208,systemd-logind,0.0,0.11130956611954587,0,0,1446,7,1,sleeping
2026-09-09T15:07:01.637821,235,agetty,0.0,0.024903498941601297,0,0,8,0,1,sleeping
2026-09-09T15:07:01.637917,237,rsyslogd,0.0,0.07430720129538523,0,0,40,2,4,sleeping
2026-09-09T15:07:01.638008,259,unattended-upgr,0.0,0.2936999692991278,0,0,123,2,2,sleeping
2026-09-09T15:07:01.638126,309,apache2,0.0,0.06467852053051511,0,0,11889,43,1,sleeping
2026-09-09T15:07:01.638219,312,apache2,0.0,0.07289566694241999,0,0,2,0,27,sleeping
2026-09-09T15:07:01.638307,313,apache2,0.0,0.07294607888359732,0,0,2,0,27,sleeping
2026-09-09T15:07:01.638392,478,SessionLeader,0.0,0.014064931588475226,0,0,2,0,1,sleeping
2026-09-09T15:07:01.638474,479,Relay(480),0.0,0.015778937588504464,0,0,5482,0,1,sleeping
2026-09-09T15:07:01.638577,480,bash,0.0,0.06931641911882952,144330752,44417024,1415,0,1,sleeping
2026-09-09T15:07:01.638667,484,login,0.0,0.05883073535394476,0,0,61,0,1,sleeping
2026-09-09T15:07:01.638762,528,systemd,0.0,0.14508556670835734,0,0,433,3,1,sleeping
2026-09-09T15:07:01.638847,530,(sd-pam),0.0,0.04501786347135618,0,0,1,0,1,sleeping
2026-09-09T15:07:01.639078,555,bash,0.0,0.06790488476586426,376832,0,45,0,1,sleeping
2026-09-09T15:07:01.639182,908,SessionLeader,0.0,0.014165755470829886,0,0,2,0,1,sleeping
2026-09-09T15:07:01.639273,909,Relay(914),0.0,0.015879761470859125,0,0,276,0,1,sleeping
2026-09-09T15:07:01.639371,914,bash,0.0,0.06876188776587888,2375680,0,57,0,1,sleeping
2026-09-09T15:07:01.639458,955,SessionLeader,0.0,0.014165755470829886,0,0,2,0,1,sleeping
2026-09-09T15:07:01.639541,957,Relay(959),0.0,0.014266579353184547,0,0,146,0,1,sleeping
2026-09-09T15:07:01.639669,959,bash,0.0,0.06876188776587888,6848512,0,73,0,1,sleeping
2026-09-09T15:07:01.639775,1508,polkitd,0.0,0.10268912417822235,0,0,44,0,4,sleeping
2026-09-09T15:07:01.639872,1678,SessionLeader,0.0,0.014165755470829886,0,0,2,0,1,sleeping
2026-09-09T15:07:01.639956,1680,Relay(1683),0.0,0.014266579353184547,0,0,114,0,1,sleeping
2026-09-09T15:07:01.640043,1683,bash,0.0,0.06871147582470155,0,0,69,0,1,sleeping
2026-09-09T15:07:01.640123,2132,ssh-agent,0.0,0.04380797688310025,0,0,41,0,1,sleeping
2026-09-09T15:07:01.640198,3026,SessionLeader,0.0,0.014165755470829886,0,0,2,0,1,sleeping
2026-09-09T15:07:01.640272,3028,Relay(3031),0.0,0.014266579353184547,0,0,248,0,1,sleeping
2026-09-09T15:07:01.640347,3031,bash,0.0,0.06861065194234689,778240,57344,147,0,1,sleeping
2026-09-09T15:07:01.640423,3222,python,0.0,0.16847670741463872,5017600,32768,76,0,1,running
2026-09-09T15:07:03.655341,1,systemd,0.0,0.16701476112049612,0,0,1732,54,1,sleeping
2026-09-09T15:07:03.655482,2,init-systemd(Ub,0.0,0.027827391529886468,0,0,59,0,2,sleeping
2026-09-09T15:07:03.655652,7,init,0.0,0.025810913882793246,0,0,2,0,2,sleeping
2026-09-09T15:07:03.655748,40,systemd-journald,0.0,0.2024039438269822,0,0,1979,5,1,sleeping
2026-09-09T15:07:03.655869,94,systemd-udevd,0.0,0.08070951782490622,0,0,4395,24,1,sleeping
2026-09-09T15:07:03.655956,166,systemd-resolved,0.0,0.1669643491793188,0,0,416,0,1,sleeping
2026-09-09T15:07:03.656065,167,systemd-timesyncd,0.0,0.10067264653112912,0,0,775,9,2,sleeping
2026-09-09T15:07:03.656172,177,cron,0.0,0.0338264125299888,0,0,300,0,1,sleeping
2026-09-09T15:07:03.656261,178,dbus-daemon,0.0,0.06891312358941086,0,0,1015,0,1,sleeping
2026-09-09T15:07:03.656348,208,systemd-logind,0.0,0.11130956611954587,0,0,1446,7,1,sleeping
2026-09-09T15:07:03.656433,235,agetty,0.0,0.024903498941601297,0,0,8,0,1,sleeping
2026-09-09T15:07:03.656519,237,rsyslogd,0.0,0.07430720129538523,0,0,40,2,4,sleeping
2026-09-09T15:07:03.656648,259,unattended-upgr,0.0,0.2936999692991278,0,0,123,2,2,sleeping
2026-09-09T15:07:03.656797,309,apache2,0.0,0.06467852053051511,0,0,11891,43,1,sleeping
2026-09-09T15:07:03.656964,312,apache2,0.0,0.07289566694241999,0,0,2,0,27,sleeping
2026-09-09T15:07:03.657122,313,apache2,0.0,0.07294607888359732,0,0,2,0,27,sleeping
2026-09-09T15:07:03.657215,478,SessionLeader,0.0,0.014064931588475226,0,0,2,0,1,sleeping
2026-09-09T15:07:03.657301,479,Relay(480),0.0,0.015778937588504464,0,0,5482,0,1,sleeping
2026-09-09T15:07:03.657409,480,bash,0.0,0.06931641911882952,144330752,44417024,1415,0,1,sleeping
2026-09-09T15:07:03.657505,484,login,0.0,0.05883073535394476,0,0,61,0,1,sleeping
2026-09-09T15:07:03.657603,528,systemd,0.0,0.14508556670835734,0,0,433,3,1,sleeping
2026-09-09T15:07:03.657689,530,(sd-pam),0.0,0.04501786347135618,0,0,1,0,1,sleeping
2026-09-09T15:07:03.657786,555,bash,0.0,0.06790488476586426,376832,0,45,0,1,sleeping
2026-09-09T15:07:03.657872,908,SessionLeader,0.0,0.014165755470829886,0,0,2,0,1,sleeping
2026-09-09T15:07:03.657959,909,Relay(914),0.0,0.015879761470859125,0,0,276,0,1,sleeping
2026-09-09T15:07:03.658119,914,bash,0.0,0.06876188776587888,2375680,0,57,0,1,sleeping
2026-09-09T15:07:03.658255,955,SessionLeader,0.0,0.014165755470829886,0,0,2,0,1,sleeping
2026-09-09T15:07:03.658344,957,Relay(959),0.0,0.014266579353184547,0,0,146,0,1,sleeping
2026-09-09T15:07:03.658434,959,bash,0.0,0.06876188776587888,6848512,0,73,0,1,sleeping
2026-09-09T15:07:03.658517,1508,polkitd,0.0,0.10268912417822235,0,0,44,0,4,sleeping
2026-09-09T15:07:03.658592,1678,SessionLeader,0.0,0.014165755470829886,0,0,2,0,1,sleeping
2026-09-09T15:07:03.658699,1680,Relay(1683),0.0,0.014266579353184547,0,0,114,0,1,sleeping
2026-09-09T15:07:03.658866,1683,bash,0.0,0.06871147582470155,0,0,69,0,1,sleeping
2026-09-09T15:07:03.658949,2132,ssh-agent,0.0,0.04380797688310025,0,0,41,0,1,sleeping
2026-09-09T15:07:03.659016,3026,SessionLeader,0.0,0.014165755470829886,0,0,2,0,1,sleeping
2026-09-09T15:07:03.659086,3028,Relay(3031),0.0,0.014266579353184547,0,0,248,0,1,sleeping
2026-09-09T15:07:03.659158,3031,bash,0.0,0.06861065194234689,778240,57344,147,0,1,sleeping
2026-09-09T15:07:03.659226,3222,python,0.5,0.16847670741463872,5017600,36864,77,0,1,running
2026-09-09T15:07:05.671387,1,systemd,0.0,0.16701476112049612,0,0,1732,54,1,sleeping
2026-09-09T15:07:05.671544,2,init-systemd(Ub,0.0,0.027827391529886468,0,0,59,0,2,sleeping
2026-09-09T15:07:05.671746,7,init,0.0,0.025810913882793246,0,0,2,0,2,sleeping
2026-09-09T15:07:05.671842,40,systemd-journald,0.0,0.2024039438269822,0,0,1979,5,1,sleeping
2026-09-09T15:07:05.671965,94,systemd-udevd,0.0,0.08070951782490622,0,0,4395,24,1,sleeping
2026-09-09T15:07:05.672052,166,systemd-resolved,0.0,0.1669643491793188,0,0,416,0,1,sleeping
2026-09-09T15:07:05.672160,167,systemd-timesyncd,0.0,0.10067264653112912,0,0,775,9,2,sleeping
2026-09-09T15:07:05.672264,177,cron,0.0,0.0338264125299888,0,0,300,0,1,sleeping
2026-09-09T15:07:05.672351,178,dbus-daemon,0.0,0.06891312358941086,0,0,1015,0,1,sleeping
2026-09-09T15:07:05.672435,208,systemd-logind,0.0,0.11130956611954587,0,0,1446,7,1,sleeping
2026-09-09T15:07:05.672555,235,agetty,0.0,0.024903498941601297,0,0,8,0,1,sleeping
2026-09-09T15:07:05.672664,237,rsyslogd,0.0,0.07430720129538523,0,0,40,2,4,sleeping
2026-09-09T15:07:05.672759,259,unattended-upgr,0.0,0.2936999692991278,0,0,123,2,2,sleeping
2026-09-09T15:07:05.672876,309,apache2,0.0,0.06467852053051511,0,0,11893,43,1,sleeping
2026-09-09T15:07:05.673052,312,apache2,0.0,0.07289566694241999,0,0,2,0,27,sleeping
2026-09-09T15:07:05.673156,313,apache2,0.0,0.07294607888359732,0,0,2,0,27,sleeping
2026-09-09T15:07:05.673244,478,SessionLeader,0.0,0.014064931588475226,0,0,2,0,1,sleeping
2026-09-09T15:07:05.673327,479,Relay(480),0.0,0.015778937588504464,0,0,5482,0,1,sleeping
2026-09-09T15:07:05.673437,480,bash,0.0,0.06931641911882952,144330752,44417024,1415,0,1,sleeping
2026-09-09T15:07:05.673527,484,login,0.0,0.05883073535394476,0,0,61,0,1,sleeping
2026-09-09T15:07:05.673622,528,systemd,0.0,0.14508556670835734,0,0,433,3,1,sleeping
2026-09-09T15:07:05.673707,530,(sd-pam),0.0,0.04501786347135618,0,0,1,0,1,sleeping
2026-09-09T15:07:05.673803,555,bash,0.0,0.06790488476586426,376832,0,45,0,1,sleeping
2026-09-09T15:07:05.673888,908,SessionLeader,0.0,0.014165755470829886,0,0,2,0,1,sleeping
2026-09-09T15:07:05.673971,909,Relay(914),0.0,0.015879761470859125,0,0,276,0,1,sleeping
2026-09-09T15:07:05.674064,914,bash,0.0,0.06876188776587888,2375680,0,57,0,1,sleeping
2026-09-09T15:07:05.674146,955,SessionLeader,0.0,0.014165755470829886,0,0,2,0,1,sleeping
2026-09-09T15:07:05.674226,957,Relay(959),0.0,0.014266579353184547,0,0,146,0,1,sleeping
2026-09-09T15:07:05.674315,959,bash,0.0,0.06876188776587888,6848512,0,73,0,1,sleeping
2026-09-09T15:07:05.674402,1508,polkitd,0.0,0.10268912417822235,0,0,44,0,4,sleeping
2026-09-09T15:07:05.674484,1678,SessionLeader,0.0,0.014165755470829886,0,0,2,0,1,sleeping
2026-09-09T15:07:05.674562,1680,Relay(1683),0.0,0.014266579353184547,0,0,114,0,1,sleeping
2026-09-09T15:07:05.674702,1683,bash,0.0,0.06871147582470155,0,0,69,0,1,sleeping
2026-09-09T15:07:05.674795,2132,ssh-agent,0.0,0.04380797688310025,0,0,41,0,1,sleeping
2026-09-09T15:07:05.674880,3026,SessionLeader,0.0,0.014165755470829886,0,0,2,0,1,sleeping
2026-09-09T15:07:05.674962,3028,Relay(3031),0.0,0.014266579353184547,0,0,248,0,1,sleeping
2026-09-09T15:07:05.675054,3031,bash,0.0,0.06861065194234689,778240,57344,147,0,1,sleeping
2026-09-09T15:07:05.675148,3222,python,0.0,0.16847670741463872,5017600,40960,78,0,1,running
2026-09-09T15:07:07.677821,1,systemd,0.0,0.16701476112049612,0,0,1732,54,1,sleeping
2026-09-09T15:07:07.677962,2,init-systemd(Ub,0.0,0.027827391529886468,0,0,59,0,2,sleeping
2026-09-09T15:07:07.678127,7,init,0.0,0.025810913882793246,0,0,2,0,2,sleeping
2026-09-09T15:07:07.678222,40,systemd-journald,0.0,0.2024039438269822,0,0,1979,5,1,sleeping
2026-09-09T15:07:07.678401,94,systemd-udevd,0.0,0.08070951782490622,0,0,4395,24,1,sleeping
2026-09-09T15:07:07.678494,166,systemd-resolved,0.0,0.1669643491793188,0,0,416,0,1,sleeping
2026-09-09T15:07:07.678608,167,systemd-timesyncd,0.0,0.10067264653112912,0,0,775,9,2,sleeping
2026-09-09T15:07:07.678718,177,cron,0.0,0.0338264125299888,0,0,300,0,1,sleeping
2026-09-09T15:07:07.678807,178,dbus-daemon,0.0,0.06891312358941086,0,0,1015,0,1,sleeping
2026-09-09T15:07:07.678899,208,systemd-logind,0.0,0.11130956611954587,0,0,1446,7,1,sleeping
2026-09-09T15:07:07.678983,235,agetty,0.0,0.024903498941601297,0,0,8,0,1,sleeping
2026-09-09T15:07:07.679070,237,rsyslogd,0.0,0.07430720129538523,0,0,40,2,4,sleeping
2026-09-09T15:07:07.679155,259,unattended-upgr,0.0,0.2936999692991278,0,0,123,2,2,sleeping
2026-09-09T15:07:07.679268,309,apache2,0.0,0.06467852053051511,0,0,11895,43,1,sleeping
2026-09-09T15:07:07.679505,312,apache2,0.0,0.07289566694241999,0,0,2,0,27,sleeping
2026-09-09T15:07:07.679604,313,apache2,0.0,0.07294607888359732,0,0,2,0,27,sleeping
2026-09-09T15:07:07.679686,478,SessionLeader,0.0,0.014064931588475226,0,0,2,0,1,sleeping
2026-09-09T15:07:07.679759,479,Relay(480),0.0,0.015778937588504464,0,0,5482,0,1,sleeping
2026-09-09T15:07:07.679851,480,bash,0.0,0.06931641911882952,144330752,44417024,1415,0,1,sleeping
2026-09-09T15:07:07.679933,484,login,0.0,0.05883073535394476,0,0,61,0,1,sleeping
2026-09-09T15:07:07.680012,528,systemd,0.0,0.14508556670835734,0,0,433,3,1,sleeping
2026-09-09T15:07:07.680078,530,(sd-pam),0.0,0.04501786347135618,0,0,1,0,1,sleeping
2026-09-09T15:07:07.680153,555,bash,0.0,0.06790488476586426,376832,0,45,0,1,sleeping
2026-09-09T15:07:07.680223,908,SessionLeader,0.0,0.014165755470829886,0,0,2,0,1,sleeping
2026-09-09T15:07:07.680290,909,Relay(914),0.0,0.015879761470859125,0,0,276,0,1,sleeping
2026-09-09T15:07:07.680397,914,bash,0.0,0.06876188776587888,2375680,0,57,0,1,sleeping
2026-09-09T15:07:07.680471,955,SessionLeader,0.0,0.014165755470829886,0,0,2,0,1,sleeping
2026-09-09T15:07:07.680533,957,Relay(959),0.0,0.014266579353184547,0,0,146,0,1,sleeping
2026-09-09T15:07:07.680597,959,bash,0.0,0.06876188776587888,6848512,0,73,0,1,sleeping
2026-09-09T15:07:07.680659,1508,polkitd,0.0,0.10268912417822235,0,0,44,0,4,sleeping
2026-09-09T15:07:07.680716,1678,SessionLeader,0.0,0.014165755470829886,0,0,2,0,1,sleeping
2026-09-09T15:07:07.680772,1680,Relay(1683),0.0,0.014266579353184547,0,0,114,0,1,sleeping
2026-09-09T15:07:07.680835,1683,bash,0.0,0.06871147582470155,0,0,69,0,1,sleeping
2026-09-09T15:07:07.680889,2132,ssh-agent,0.0,0.04380797688310025,0,0,41,0,1,sleeping
2026-09-09T15:07:07.680990,3026,SessionLeader,0.0,0.014165755470829886,0,0,2,0,1,sleeping
2026-09-09T15:07:07.681075,3028,Relay(3031),0.0,0.014266579353184547,0,0,248,0,1,sleeping
2026-09-09T15:07:07.681142,3031,bash,0.0,0.06861065194234689,778240,57344,147,0,1,sleeping
2026-09-09T15:07:07.681204,3222,python,0.5,0.16847670741463872,5017600,40960,79,0,1,running
2026-09-09T15:07:09.682217,1,systemd,0.0,0.16701476112049612,0,0,1732,54,1,sleeping
2026-09-09T15:07:09.682374,2,init-systemd(Ub,0.0,0.027827391529886468,0,0,59,0,2,sleeping
2026-09-09T15:07:09.682542,7,init,0.0,0.025810913882793246,0,0,2,0,2,sleeping
2026-09-09T15:07:09.682691,40,systemd-journald,0.0,0.2024039438269822,0,0,1979,5,1,sleeping
2026-09-09T15:07:09.682832,94,systemd-udevd,0.0,0.08070951782490622,0,0,4395,24,1,sleeping
2026-09-09T15:07:09.682923,166,systemd-resolved,0.0,0.1669643491793188,0,0,416,0,1,sleeping
2026-09-09T15:07:09.683032,167,systemd-timesyncd,0.0,0.10067264653112912,0,0,775,9,2,sleeping
2026-09-09T15:07:09.683141,177,cron,0.0,0.0338264125299888,0,0,300,0,1,sleeping
2026-09-09T15:07:09.683233,178,dbus-daemon,0.0,0.06891312358941086,0,0,1015,0,1,sleeping
2026-09-09T15:07:09.683321,208,systemd-logind,0.0,0.11130956611954587,0,0,1446,7,1,sleeping
2026-09-09T15:07:09.683411,235,agetty,0.0,0.024903498941601297,0,0,8,0,1,sleeping
2026-09-09T15:07:09.683496,237,rsyslogd,0.0,0.07430720129538523,0,0,40,2,4,sleeping
2026-09-09T15:07:09.683584,259,unattended-upgr,0.0,0.2936999692991278,0,0,123,2,2,sleeping
2026-09-09T15:07:09.683756,309,apache2,0.0,0.06467852053051511,0,0,11897,43,1,sleeping
2026-09-09T15:07:09.683865,312,apache2,0.0,0.07289566694241999,0,0,2,0,27,sleeping
2026-09-09T15:07:09.683960,313,apache2,0.0,0.07294607888359732,0,0,2,0,27,sleeping
2026-09-09T15:07:09.684047,478,SessionLeader,0.0,0.014064931588475226,0,0,2,0,1,sleeping
2026-09-09T15:07:09.684129,479,Relay(480),0.0,0.015778937588504464,0,0,5482,0,1,sleeping
2026-09-09T15:07:09.684238,480,bash,0.0,0.06931641911882952,144330752,44417024,1415,0,1,sleeping
2026-09-09T15:07:09.684329,484,login,0.0,0.05883073535394476,0,0,61,0,1,sleeping
2026-09-09T15:07:09.684421,528,systemd,0.0,0.14508556670835734,0,0,433,3,1,sleeping
2026-09-09T15:07:09.684503,530,(sd-pam),0.0,0.04501786347135618,0,0,1,0,1,sleeping
2026-09-09T15:07:09.684596,555,bash,0.0,0.06790488476586426,376832,0,45,0,1,sleeping
2026-09-09T15:07:09.684714,908,SessionLeader,0.0,0.014165755470829886,0,0,2,0,1,sleeping
2026-09-09T15:07:09.684812,909,Relay(914),0.0,0.015879761470859125,0,0,276,0,1,sleeping
2026-09-09T15:07:09.684914,914,bash,0.0,0.06876188776587888,2375680,0,57,0,1,sleeping
2026-09-09T15:07:09.685088,955,SessionLeader,0.0,0.014165755470829886,0,0,2,0,1,sleeping
2026-09-09T15:07:09.685180,957,Relay(959),0.0,0.014266579353184547,0,0,146,0,1,sleeping
2026-09-09T15:07:09.685275,959,bash,0.0,0.06876188776587888,6848512,0,73,0,1,sleeping
2026-09-09T15:07:09.685365,1508,polkitd,0.0,0.10268912417822235,0,0,44,0,4,sleeping
2026-09-09T15:07:09.685536,1678,SessionLeader,0.0,0.014165755470829886,0,0,2,0,1,sleeping
2026-09-09T15:07:09.685635,1680,Relay(1683),0.0,0.014266579353184547,0,0,114,0,1,sleeping
2026-09-09T15:07:09.685747,1683,bash,0.0,0.06871147582470155,0,0,69,0,1,sleeping
2026-09-09T15:07:09.685837,2132,ssh-agent,0.0,0.04380797688310025,0,0,41,0,1,sleeping
2026-09-09T15:07:09.685910,3026,SessionLeader,0.0,0.014165755470829886,0,0,2,0,1,sleeping
2026-09-09T15:07:09.685978,3028,Relay(3031),0.0,0.014266579353184547,0,0,248,0,1,sleeping
2026-09-09T15:07:09.686057,3031,bash,0.0,0.06861065194234689,778240,57344,147,0,1,sleeping
2026-09-09T15:07:09.686133,3222,python,0.5,0.16847670741463872,5017600,45056,80,0,1,running
2026-09-09T15:07:11.687155,1,systemd,0.0,0.16701476112049612,0,0,1732,54,1,sleeping
2026-09-09T15:07:11.687299,2,init-systemd(Ub,0.0,0.027827391529886468,0,0,59,0,2,sleeping
2026-09-09T15:07:11.687468,7,init,0.0,0.025810913882793246,0,0,2,0,2,sleeping
2026-09-09T15:07:11.687561,40,systemd-journald,0.0,0.2024039438269822,0,0,1979,5,1,sleeping
2026-09-09T15:07:11.687800,94,systemd-udevd,0.0,0.08070951782490622,0,0,4395,24,1,sleeping
2026-09-09T15:07:11.687908,166,systemd-resolved,0.0,0.1669643491793188,0,0,416,0,1,sleeping
2026-09-09T15:07:11.688029,167,systemd-timesyncd,0.0,0.10067264653112912,0,0,775,9,2,sleeping
2026-09-09T15:07:11.688139,177,cron,0.0,0.0338264125299888,0,0,300,0,1,sleeping
2026-09-09T15:07:11.688227,178,dbus-daemon,0.0,0.06891312358941086,0,0,1015,0,1,sleeping
2026-09-09T15:07:11.688354,208,systemd-logind,0.0,0.11130956611954587,0,0,1446,7,1,sleeping
2026-09-09T15:07:11.688449,235,agetty,0.0,0.024903498941601297,0,0,8,0,1,sleeping
2026-09-09T15:07:11.688538,237,rsyslogd,0.0,0.07430720129538523,0,0,40,2,4,sleeping
2026-09-09T15:07:11.688628,259,unattended-upgr,0.0,0.2936999692991278,0,0,123,2,2,sleeping
2026-09-09T15:07:11.688745,309,apache2,0.0,0.06467852053051511,0,0,11899,43,1,sleeping
2026-09-09T15:07:11.688839,312,apache2,0.0,0.07289566694241999,0,0,2,0,27,sleeping
2026-09-09T15:07:11.688995,313,apache2,0.0,0.07294607888359732,0,0,2,0,27,sleeping
2026-09-09T15:07:11.689114,478,SessionLeader,0.0,0.014064931588475226,0,0,2,0,1,sleeping
2026-09-09T15:07:11.689206,479,Relay(480),0.0,0.015778937588504464,0,0,5482,0,1,sleeping
2026-09-09T15:07:11.689315,480,bash,0.0,0.06931641911882952,144330752,44417024,1415,0,1,sleeping
2026-09-09T15:07:11.689409,484,login,0.0,0.05883073535394476,0,0,61,0,1,sleeping
2026-09-09T15:07:11.689509,528,systemd,0.0,0.14508556670835734,0,0,433,3,1,sleeping
2026-09-09T15:07:11.689593,530,(sd-pam),0.0,0.04501786347135618,0,0,1,0,1,sleeping
2026-09-09T15:07:11.689689,555,bash,0.0,0.06790488476586426,376832,0,45,0,1,sleeping
2026-09-09T15:07:11.689773,908,SessionLeader,0.0,0.014165755470829886,0,0,2,0,1,sleeping
2026-09-09T15:07:11.689854,909,Relay(914),0.0,0.015879761470859125,0,0,276,0,1,sleeping
2026-09-09T15:07:11.689947,914,bash,0.0,0.06876188776587888,2375680,0,57,0,1,sleeping
2026-09-09T15:07:11.690034,955,SessionLeader,0.0,0.014165755470829886,0,0,2,0,1,sleeping
2026-09-09T15:07:11.690116,957,Relay(959),0.0,0.014266579353184547,0,0,146,0,1,sleeping
2026-09-09T15:07:11.690205,959,bash,0.0,0.06876188776587888,6848512,0,73,0,1,sleeping
2026-09-09T15:07:11.690294,1508,polkitd,0.0,0.10268912417822235,0,0,44,0,4,sleeping
2026-09-09T15:07:11.690418,1678,SessionLeader,0.0,0.014165755470829886,0,0,2,0,1,sleeping
2026-09-09T15:07:11.690511,1680,Relay(1683),0.0,0.014266579353184547,0,0,114,0,1,sleeping
2026-09-09T15:07:11.690616,1683,bash,0.0,0.06871147582470155,0,0,69,0,1,sleeping
2026-09-09T15:07:11.690703,2132,ssh-agent,0.0,0.04380797688310025,0,0,41,0,1,sleeping
2026-09-09T15:07:11.690784,3026,SessionLeader,0.0,0.014165755470829886,0,0,2,0,1,sleeping
2026-09-09T15:07:11.690858,3028,Relay(3031),0.0,0.014266579353184547,0,0,248,0,1,sleeping
2026-09-09T15:07:11.690940,3031,bash,0.0,0.06861065194234689,778240,57344,147,0,1,sleeping
2026-09-09T15:07:11.691025,3222,python,0.0,0.16847670741463872,5017600,49152,81,0,1,running
2026-09-09T15:07:13.691895,1,systemd,0.0,0.16701476112049612,0,0,1732,54,1,sleeping
2026-09-09T15:07:13.692048,2,init-systemd(Ub,0.0,0.027827391529886468,0,0,59,0,2,sleeping
2026-09-09T15:07:13.692347,7,init,0.0,0.025810913882793246,0,0,2,0,2,sleeping
2026-09-09T15:07:13.692481,40,systemd-journald,0.0,0.2024039438269822,0,0,1979,5,1,sleeping
2026-09-09T15:07:13.692621,94,systemd-udevd,0.0,0.08070951782490622,0,0,4395,24,1,sleeping
2026-09-09T15:07:13.692713,166,systemd-resolved,0.0,0.1669643491793188,0,0,416,0,1,sleeping
2026-09-09T15:07:13.692827,167,systemd-timesyncd,0.0,0.10067264653112912,0,0,775,9,2,sleeping
2026-09-09T15:07:13.693017,177,cron,0.0,0.0338264125299888,0,0,300,0,1,sleeping
2026-09-09T15:07:13.693121,178,dbus-daemon,0.0,0.06891312358941086,0,0,1015,0,1,sleeping
2026-09-09T15:07:13.693211,208,systemd-logind,0.0,0.11130956611954587,0,0,1446,7,1,sleeping
2026-09-09T15:07:13.693331,235,agetty,0.0,0.024903498941601297,0,0,8,0,1,sleeping
2026-09-09T15:07:13.693430,237,rsyslogd,0.0,0.07430720129538523,0,0,40,2,4,sleeping
2026-09-09T15:07:13.693520,259,unattended-upgr,0.0,0.2936999692991278,0,0,123,2,2,sleeping
2026-09-09T15:07:13.693639,309,apache2,0.0,0.06467852053051511,0,0,11901,43,1,sleeping
2026-09-09T15:07:13.693733,312,apache2,0.0,0.07289566694241999,0,0,2,0,27,sleeping
2026-09-09T15:07:13.693820,313,apache2,0.0,0.07294607888359732,0,0,2,0,27,sleeping
2026-09-09T15:07:13.693902,478,SessionLeader,0.0,0.014064931588475226,0,0,2,0,1,sleeping
2026-09-09T15:07:13.693984,479,Relay(480),0.0,0.015778937588504464,0,0,5482,0,1,sleeping
2026-09-09T15:07:13.694090,480,bash,0.0,0.06931641911882952,144330752,44417024,1415,0,1,sleeping
2026-09-09T15:07:13.694183,484,login,0.0,0.05883073535394476,0,0,61,0,1,sleeping
2026-09-09T15:07:13.694300,528,systemd,0.0,0.14508556670835734,0,0,433,3,1,sleeping
2026-09-09T15:07:13.694416,530,(sd-pam),0.0,0.04501786347135618,0,0,1,0,1,sleeping
2026-09-09T15:07:13.694521,555,bash,0.0,0.06790488476586426,376832,0,45,0,1,sleeping
2026-09-09T15:07:13.694611,908,SessionLeader,0.0,0.014165755470829886,0,0,2,0,1,sleeping
2026-09-09T15:07:13.694696,909,Relay(914),0.0,0.015879761470859125,0,0,276,0,1,sleeping
2026-09-09T15:07:13.694818,914,bash,0.0,0.06876188776587888,2375680,0,57,0,1,sleeping
2026-09-09T15:07:13.694920,955,SessionLeader,0.0,0.014165755470829886,0,0,2,0,1,sleeping
2026-09-09T15:07:13.695006,957,Relay(959),0.0,0.014266579353184547,0,0,146,0,1,sleeping
2026-09-09T15:07:13.695098,959,bash,0.0,0.06876188776587888,6848512,0,73,0,1,sleeping
2026-09-09T15:07:13.695187,1508,polkitd,0.0,0.10268912417822235,0,0,44,0,4,sleeping
2026-09-09T15:07:13.695273,1678,SessionLeader,0.0,0.014165755470829886,0,0,2,0,1,sleeping
2026-09-09T15:07:13.695389,1680,Relay(1683),0.0,0.014266579353184547,0,0,114,0,1,sleeping
2026-09-09T15:07:13.695488,1683,bash,0.0,0.06871147582470155,0,0,69,0,1,sleeping
2026-09-09T15:07:13.695570,2132,ssh-agent,0.0,0.04380797688310025,0,0,41,0,1,sleeping
2026-09-09T15:07:13.695642,3026,SessionLeader,0.0,0.014165755470829886,0,0,2,0,1,sleeping
2026-09-09T15:07:13.695713,3028,Relay(3031),0.0,0.014266579353184547,0,0,248,0,1,sleeping
2026-09-09T15:07:13.695791,3031,bash,0.0,0.06861065194234689,778240,57344,147,0,1,sleeping
2026-09-09T15:07:13.695866,3222,python,0.0,0.16852711935581605,5017600,53248,82,0,1,running
2026-09-09T15:07:15.696711,1,systemd,0.0,0.16701476112049612,0,0,1732,54,1,sleeping
2026-09-09T15:07:15.696854,2,init-systemd(Ub,0.0,0.027827391529886468,0,0,59,0,2,sleeping
2026-09-09T15:07:15.697120,7,init,0.0,0.025810913882793246,0,0,2,0,2,sleeping
2026-09-09T15:07:15.697364,40,systemd-journald,0.0,0.2024039438269822,0,0,1979,5,1,sleeping
2026-09-09T15:07:15.697564,94,systemd-udevd,0.0,0.08070951782490622,0,0,4395,24,1,sleeping
2026-09-09T15:07:15.697663,166,systemd-resolved,0.0,0.1669643491793188,0,0,416,0,1,sleeping
2026-09-09T15:07:15.697784,167,systemd-timesyncd,0.0,0.10067264653112912,0,0,775,9,2,sleeping
2026-09-09T15:07:15.697900,177,cron,0.0,0.0338264125299888,0,0,300,0,1,sleeping
2026-09-09T15:07:15.697989,178,dbus-daemon,0.0,0.06891312358941086,0,0,1015,0,1,sleeping
2026-09-09T15:07:15.698075,208,systemd-logind,0.0,0.11130956611954587,0,0,1446,7,1,sleeping
2026-09-09T15:07:15.698168,235,agetty,0.0,0.024903498941601297,0,0,8,0,1,sleeping
2026-09-09T15:07:15.698294,237,rsyslogd,0.0,0.07430720129538523,0,0,40,2,4,sleeping
2026-09-09T15:07:15.698401,259,unattended-upgr,0.0,0.2936999692991278,0,0,123,2,2,sleeping
2026-09-09T15:07:15.698526,309,apache2,0.0,0.06467852053051511,0,0,11903,43,1,sleeping
2026-09-09T15:07:15.698629,312,apache2,0.0,0.07289566694241999,0,0,2,0,27,sleeping
2026-09-09T15:07:15.698719,313,apache2,0.0,0.07294607888359732,0,0,2,0,27,sleeping
2026-09-09T15:07:15.698801,478,SessionLeader,0.0,0.014064931588475226,0,0,2,0,1,sleeping
2026-09-09T15:07:15.698884,479,Relay(480),0.0,0.015778937588504464,0,0,5482,0,1,sleeping
2026-09-09T15:07:15.698987,480,bash,0.0,0.06931641911882952,144330752,44417024,1415,0,1,sleeping
2026-09-09T15:07:15.699081,484,login,0.0,0.05883073535394476,0,0,61,0,1,sleeping
2026-09-09T15:07:15.699176,528,systemd,0.0,0.14508556670835734,0,0,433,3,1,sleeping
2026-09-09T15:07:15.699281,530,(sd-pam),0.0,0.04501786347135618,0,0,1,0,1,sleeping
2026-09-09T15:07:15.699406,555,bash,0.0,0.06790488476586426,376832,0,45,0,1,sleeping
2026-09-09T15:07:15.699497,908,SessionLeader,0.0,0.014165755470829886,0,0,2,0,1,sleeping
2026-09-09T15:07:15.699584,909,Relay(914),0.0,0.015879761470859125,0,0,276,0,1,sleeping
2026-09-09T15:07:15.699680,914,bash,0.0,0.06876188776587888,2375680,0,57,0,1,sleeping
2026-09-09T15:07:15.699764,955,SessionLeader,0.0,0.014165755470829886,0,0,2,0,1,sleeping
2026-09-09T15:07:15.699845,957,Relay(959),0.0,0.014266579353184547,0,0,146,0,1,sleeping
2026-09-09T15:07:15.700020,959,bash,0.0,0.06876188776587888,6848512,0,73,0,1,sleeping
2026-09-09T15:07:15.700126,1508,polkitd,0.0,0.10268912417822235,0,0,44,0,4,sleeping
2026-09-09T15:07:15.700209,1678,SessionLeader,0.0,0.014165755470829886,0,0,2,0,1,sleeping
2026-09-09T15:07:15.700304,1680,Relay(1683),0.0,0.014266579353184547,0,0,114,0,1,sleeping
2026-09-09T15:07:15.700402,1683,bash,0.0,0.06871147582470155,0,0,69,0,1,sleeping
2026-09-09T15:07:15.700480,2132,ssh-agent,0.0,0.04380797688310025,0,0,41,0,1,sleeping
2026-09-09T15:07:15.700552,3026,SessionLeader,0.0,0.014165755470829886,0,0,2,0,1,sleeping
2026-09-09T15:07:15.700622,3028,Relay(3031),0.0,0.014266579353184547,0,0,248,0,1,sleeping
2026-09-09T15:07:15.700701,3031,bash,0.0,0.06861065194234689,778240,57344,147,0,1,sleeping
2026-09-09T15:07:15.700781,3222,python,0.0,0.16852711935581605,5017600,57344,83,0,1,running
2026-09-09T15:07:17.701662,1,systemd,0.0,0.16701476112049612,0,0,1732,54,1,sleeping
2026-09-09T15:07:17.701805,2,init-systemd(Ub,0.0,0.027827391529886468,0,0,59,0,2,sleeping
2026-09-09T15:07:17.701961,7,init,0.0,0.025810913882793246,0,0,2,0,2,sleeping
2026-09-09T15:07:17.702065,40,systemd-journald,0.0,0.2024039438269822,0,0,1979,5,1,sleeping
2026-09-09T15:07:17.702183,94,systemd-udevd,0.0,0.08070951782490622,0,0,4395,24,1,sleeping
2026-09-09T15:07:17.702274,166,systemd-resolved,0.0,0.1669643491793188,0,0,416,0,1,sleeping
2026-09-09T15:07:17.702450,167,systemd-timesyncd,0.0,0.10067264653112912,0,0,775,9,2,sleeping
2026-09-09T15:07:17.702610,177,cron,0.0,0.0338264125299888,0,0,300,0,1,sleeping
2026-09-09T15:07:17.702709,178,dbus-daemon,0.0,0.06891312358941086,0,0,1015,0,1,sleeping
2026-09-09T15:07:17.702799,208,systemd-logind,0.0,0.11130956611954587,0,0,1446,7,1,sleeping
2026-09-09T15:07:17.702916,235,agetty,0.0,0.024903498941601297,0,0,8,0,1,sleeping
2026-09-09T15:07:17.703029,237,rsyslogd,0.0,0.07430720129538523,0,0,40,2,4,sleeping
2026-09-09T15:07:17.703122,259,unattended-upgr,0.0,0.2936999692991278,0,0,123,2,2,sleeping
2026-09-09T15:07:17.703245,309,apache2,0.0,0.06467852053051511,0,0,11905,43,1,sleeping
2026-09-09T15:07:17.703340,312,apache2,0.0,0.07289566694241999,0,0,2,0,27,sleeping
2026-09-09T15:07:17.703432,313,apache2,0.0,0.07294607888359732,0,0,2,0,27,sleeping
2026-09-09T15:07:17.703519,478,SessionLeader,0.0,0.014064931588475226,0,0,2,0,1,sleeping
2026-09-09T15:07:17.703609,479,Relay(480),0.0,0.015778937588504464,0,0,5482,0,1,sleeping
2026-09-09T15:07:17.703829,480,bash,0.0,0.06931641911882952,144330752,44417024,1415,0,1,sleeping
2026-09-09T15:07:17.703973,484,login,0.0,0.05883073535394476,0,0,61,0,1,sleeping
2026-09-09T15:07:17.704076,528,systemd,0.0,0.14508556670835734,0,0,433,3,1,sleeping
2026-09-09T15:07:17.704162,530,(sd-pam),0.0,0.04501786347135618,0,0,1,0,1,sleeping
2026-09-09T15:07:17.704261,555,bash,0.0,0.06790488476586426,376832,0,45,0,1,sleeping
2026-09-09T15:07:17.704350,908,SessionLeader,0.0,0.014165755470829886,0,0,2,0,1,sleeping
2026-09-09T15:07:17.704433,909,Relay(914),0.0,0.015879761470859125,0,0,276,0,1,sleeping
2026-09-09T15:07:17.704527,914,bash,0.0,0.06876188776587888,2375680,0,57,0,1,sleeping
2026-09-09T15:07:17.704613,955,SessionLeader,0.0,0.014165755470829886,0,0,2,0,1,sleeping
2026-09-09T15:07:17.704695,957,Relay(959),0.0,0.014266579353184547,0,0,146,0,1,sleeping
2026-09-09T15:07:17.704785,959,bash,0.0,0.06876188776587888,6848512,0,73,0,1,sleeping
2026-09-09T15:07:17.704872,1508,polkitd,0.0,0.10268912417822235,0,0,44,0,4,sleeping
2026-09-09T15:07:17.705083,1678,SessionLeader,0.0,0.014165755470829886,0,0,2,0,1,sleeping
2026-09-09T15:07:17.705192,1680,Relay(1683),0.0,0.014266579353184547,0,0,114,0,1,sleeping
2026-09-09T15:07:17.705292,1683,bash,0.0,0.06871147582470155,0,0,69,0,1,sleeping
2026-09-09T15:07:17.705377,2132,ssh-agent,0.0,0.04380797688310025,0,0,41,0,1,sleeping
2026-09-09T15:07:17.705458,3026,SessionLeader,0.0,0.014165755470829886,0,0,2,0,1,sleeping
2026-09-09T15:07:17.705523,3028,Relay(3031),0.0,0.014266579353184547,0,0,248,0,1,sleeping
2026-09-09T15:07:17.705600,3031,bash,0.0,0.06861065194234689,778240,57344,147,0,1,sleeping
2026-09-09T15:07:17.705682,3222,python,0.5,0.16852711935581605,5017600,61440,84,1,1,running
2026-09-09T15:07:19.720352,1,systemd,0.0,0.16701476112049612,0,0,1732,54,1,sleeping
2026-09-09T15:07:19.720495,2,init-systemd(Ub,0.0,0.027827391529886468,0,0,59,0,2,sleeping
2026-09-09T15:07:19.720669,7,init,0.0,0.025810913882793246,0,0,2,0,2,sleeping
2026-09-09T15:07:19.720764,40,systemd-journald,0.0,0.2024039438269822,0,0,1979,5,1,sleeping
2026-09-09T15:07:19.720960,94,systemd-udevd,0.0,0.08070951782490622,0,0,4395,24,1,sleeping
2026-09-09T15:07:19.721088,166,systemd-resolved,0.0,0.1669643491793188,0,0,416,0,1,sleeping
2026-09-09T15:07:19.721212,167,systemd-timesyncd,0.0,0.10067264653112912,0,0,775,9,2,sleeping
2026-09-09T15:07:19.721328,177,cron,0.0,0.0338264125299888,0,0,300,0,1,sleeping
2026-09-09T15:07:19.721415,178,dbus-daemon,0.0,0.06891312358941086,0,0,1015,0,1,sleeping
2026-09-09T15:07:19.721501,208,systemd-logind,0.0,0.11130956611954587,0,0,1446,7,1,sleeping
2026-09-09T15:07:19.721637,235,agetty,0.0,0.024903498941601297,0,0,8,0,1,sleeping
2026-09-09T15:07:19.721732,237,rsyslogd,0.0,0.07430720129538523,0,0,40,2,4,sleeping
2026-09-09T15:07:19.721823,259,unattended-upgr,0.0,0.2936999692991278,0,0,123,2,2,sleeping
2026-09-09T15:07:19.721940,309,apache2,0.0,0.06467852053051511,0,0,11907,43,1,sleeping
2026-09-09T15:07:19.722034,312,apache2,0.0,0.07289566694241999,0,0,2,0,27,sleeping
2026-09-09T15:07:19.722124,313,apache2,0.0,0.07294607888359732,0,0,2,0,27,sleeping
2026-09-09T15:07:19.722209,478,SessionLeader,0.0,0.014064931588475226,0,0,2,0,1,sleeping
2026-09-09T15:07:19.722293,479,Relay(480),0.0,0.015778937588504464,0,0,5482,0,1,sleeping
2026-09-09T15:07:19.722399,480,bash,0.0,0.06931641911882952,144330752,44417024,1415,0,1,sleeping
2026-09-09T15:07:19.722489,484,login,0.0,0.05883073535394476,0,0,61,0,1,sleeping
2026-09-09T15:07:19.722580,528,systemd,0.0,0.14508556670835734,0,0,433,3,1,sleeping
2026-09-09T15:07:19.722748,530,(sd-pam),0.0,0.04501786347135618,0,0,1,0,1,sleeping
2026-09-09T15:07:19.722897,555,bash,0.0,0.06790488476586426,376832,0,45,0,1,sleeping
2026-09-09T15:07:19.722998,908,SessionLeader,0.0,0.014165755470829886,0,0,2,0,1,sleeping
2026-09-09T15:07:19.723086,909,Relay(914),0.0,0.015879761470859125,0,0,276,0,1,sleeping
2026-09-09T15:07:19.723184,914,bash,0.0,0.06876188776587888,2375680,0,57,0,1,sleeping
2026-09-09T15:07:19.723271,955,SessionLeader,0.0,0.014165755470829886,0,0,2,0,1,sleeping
2026-09-09T15:07:19.723354,957,Relay(959),0.0,0.014266579353184547,0,0,146,0,1,sleeping
2026-09-09T15:07:19.723447,959,bash,0.0,0.06876188776587888,6848512,0,73,0,1,sleeping
2026-09-09T15:07:19.723542,1508,polkitd,0.0,0.10268912417822235,0,0,44,0,4,sleeping
2026-09-09T15:07:19.723673,1678,SessionLeader,0.0,0.014165755470829886,0,0,2,0,1,sleeping
2026-09-09T15:07:19.723793,1680,Relay(1683),0.0,0.014266579353184547,0,0,114,0,1,sleeping
2026-09-09T15:07:19.723945,1683,bash,0.0,0.06871147582470155,0,0,69,0,1,sleeping
2026-09-09T15:07:19.724082,2132,ssh-agent,0.0,0.04380797688310025,0,0,41,0,1,sleeping
2026-09-09T15:07:19.724174,3026,SessionLeader,0.0,0.014165755470829886,0,0,2,0,1,sleeping
2026-09-09T15:07:19.724257,3028,Relay(3031),0.0,0.014266579353184547,0,0,248,0,1,sleeping
2026-09-09T15:07:19.724350,3031,bash,0.0,0.06861065194234689,778240,57344,147,0,1,sleeping
2026-09-09T15:07:19.724431,3222,python,0.5,0.16852711935581605,5017600,65536,85,1,1,running
2026-09-09T15:07:20.982877,1,systemd,0.0,0.16701476112049612,0,0,1735,54,1,sleeping
2026-09-09T15:07:20.983056,2,init-systemd(Ub,0.0,0.027827391529886468,0,0,59,0,2,sleeping
2026-09-09T15:07:20.983227,7,init,0.0,0.025810913882793246,0,0,2,0,2,sleeping
2026-09-09T15:07:20.983325,40,systemd-journald,0.0,0.2024039438269822,0,0,1981,5,1,sleeping
2026-09-09T15:07:20.983455,94,systemd-udevd,0.0,0.08070951782490622,0,0,4395,24,1,sleeping
2026-09-09T15:07:20.983544,166,systemd-resolved,0.0,0.1669643491793188,0,0,417,0,1,sleeping
2026-09-09T15:07:20.983654,167,systemd-timesyncd,0.0,0.10067264653112912,0,0,777,9,2,sleeping
2026-09-09T15:07:20.983821,177,cron,0.0,0.0338264125299888,0,0,300,0,1,sleeping
2026-09-09T15:07:20.983949,178,dbus-daemon,0.0,0.06891312358941086,0,0,1017,0,1,sleeping
2026-09-09T15:07:20.984046,208,systemd-logind,0.0,0.11130956611954587,0,0,1449,7,1,sleeping
2026-09-09T15:07:20.984135,235,agetty,0.0,0.024903498941601297,0,0,8,0,1,sleeping
2026-09-09T15:07:20.984223,237,rsyslogd,0.0,0.07430720129538523,0,0,40,2,4,sleeping
2026-09-09T15:07:20.984411,259,unattended-upgr,0.0,0.2936999692991278,0,0,123,2,2,sleeping
2026-09-09T15:07:20.984543,309,apache2,0.0,0.06467852053051511,0,0,11909,43,1,sleeping
2026-09-09T15:07:20.984641,312,apache2,0.0,0.07289566694241999,0,0,2,0,27,sleeping
2026-09-09T15:07:20.984733,313,apache2,0.0,0.07294607888359732,0,0,2,0,27,sleeping
2026-09-09T15:07:20.984862,478,SessionLeader,0.0,0.014064931588475226,0,0,2,0,1,sleeping
2026-09-09T15:07:20.984968,479,Relay(480),0.0,0.015778937588504464,0,0,5482,0,1,sleeping
2026-09-09T15:07:20.985080,480,bash,0.0,0.06931641911882952,144330752,44417024,1415,0,1,sleeping
2026-09-09T15:07:20.985172,484,login,0.0,0.05883073535394476,0,0,61,0,1,sleeping
2026-09-09T15:07:20.985268,528,systemd,0.0,0.14508556670835734,0,0,434,3,1,sleeping
2026-09-09T15:07:20.985352,530,(sd-pam),0.0,0.04501786347135618,0,0,1,0,1,sleeping
2026-09-09T15:07:20.985457,555,bash,0.0,0.06790488476586426,376832,0,45,0,1,sleeping
2026-09-09T15:07:20.985548,908,SessionLeader,0.0,0.014165755470829886,0,0,2,0,1,sleeping
2026-09-09T15:07:20.985625,909,Relay(914),0.0,0.015879761470859125,0,0,276,0,1,sleeping
2026-09-09T15:07:20.985711,914,bash,0.0,0.06876188776587888,2375680,0,57,0,1,sleeping
2026-09-09T15:07:20.985793,955,SessionLeader,0.0,0.014165755470829886,0,0,2,0,1,sleeping
2026-09-09T15:07:20.985901,957,Relay(959),0.0,0.014266579353184547,0,0,146,0,1,sleeping
2026-09-09T15:07:20.985987,959,bash,0.0,0.06876188776587888,6848512,0,73,0,1,sleeping
2026-09-09T15:07:20.986067,1508,polkitd,0.0,0.10268912417822235,0,0,44,0,4,sleeping
2026-09-09T15:07:20.986142,1678,SessionLeader,0.0,0.014165755470829886,0,0,2,0,1,sleeping
2026-09-09T15:07:20.986212,1680,Relay(1683),0.0,0.014266579353184547,0,0,114,0,1,sleeping
2026-09-09T15:07:20.986291,1683,bash,0.0,0.06871147582470155,0,0,69,0,1,sleeping
2026-09-09T15:07:20.986356,2132,ssh-agent,0.0,0.04380797688310025,0,0,41,0,1,sleeping
2026-09-09T15:07:20.986422,3026,SessionLeader,0.0,0.014165755470829886,0,0,2,0,1,sleeping
2026-09-09T15:07:20.986481,3028,Relay(3031),0.0,0.014266579353184547,0,0,248,0,1,sleeping
2026-09-09T15:07:20.986551,3031,bash,0.0,0.06861065194234689,778240,57344,147,0,1,sleeping
2026-09-09T15:07:20.986615,3222,python,0.0,0.16852711935581605,5017600,69632,86,1,1,running
2026-09-09T15:07:22.987487,1,systemd,0.0,0.16701476112049612,0,0,1736,54,1,sleeping
2026-09-09T15:07:22.987634,2,init-systemd(Ub,0.0,0.027827391529886468,0,0,59,0,2,sleeping
2026-09-09T15:07:22.987798,7,init,0.0,0.025810913882793246,0,0,2,0,2,sleeping
2026-09-09T15:07:22.987888,40,systemd-journald,0.0,0.2024039438269822,0,0,1983,5,1,sleeping
2026-09-09T15:07:22.988001,94,systemd-udevd,0.0,0.08070951782490622,0,0,4395,24,1,sleeping
2026-09-09T15:07:22.988077,166,systemd-resolved,0.0,0.1669643491793188,0,0,417,0,1,sleeping
2026-09-09T15:07:22.988177,167,systemd-timesyncd,0.0,0.10067264653112912,0,0,777,9,2,sleeping
2026-09-09T15:07:22.988344,177,cron,0.0,0.0338264125299888,0,0,300,0,1,sleeping
2026-09-09T15:07:22.988427,178,dbus-daemon,0.0,0.06891312358941086,0,0,1017,0,1,sleeping
2026-09-09T15:07:22.988501,208,systemd-logind,0.0,0.11130956611954587,0,0,1449,7,1,sleeping
2026-09-09T15:07:22.988573,235,agetty,0.0,0.024903498941601297,0,0,8,0,1,sleeping
2026-09-09T15:07:22.988646,237,rsyslogd,0.0,0.07430720129538523,0,0,40,2,4,sleeping
2026-09-09T15:07:22.988742,259,unattended-upgr,0.0,0.2936999692991278,0,0,123,2,2,sleeping
2026-09-09T15:07:22.988849,309,apache2,0.0,0.06467852053051511,0,0,11911,43,1,sleeping
2026-09-09T15:07:22.988925,312,apache2,0.0,0.07289566694241999,0,0,2,0,27,sleeping
2026-09-09T15:07:22.988997,313,apache2,0.0,0.07294607888359732,0,0,2,0,27,sleeping
2026-09-09T15:07:22.989060,478,SessionLeader,0.0,0.014064931588475226,0,0,2,0,1,sleeping
2026-09-09T15:07:22.989123,479,Relay(480),0.0,0.015778937588504464,0,0,5482,0,1,sleeping
2026-09-09T15:07:22.989203,480,bash,0.0,0.06931641911882952,144330752,44417024,1415,0,1,sleeping
2026-09-09T15:07:22.989268,484,login,0.0,0.05883073535394476,0,0,61,0,1,sleeping
2026-09-09T15:07:22.989337,528,systemd,0.0,0.14508556670835734,0,0,434,3,1,sleeping
2026-09-09T15:07:22.989398,530,(sd-pam),0.0,0.04501786347135618,0,0,1,0,1,sleeping
2026-09-09T15:07:22.989467,555,bash,0.0,0.06790488476586426,376832,0,45,0,1,sleeping
2026-09-09T15:07:22.989535,908,SessionLeader,0.0,0.014165755470829886,0,0,2,0,1,sleeping
2026-09-09T15:07:22.989595,909,Relay(914),0.0,0.015879761470859125,0,0,276,0,1,sleeping
2026-09-09T15:07:22.989665,914,bash,0.0,0.06876188776587888,2375680,0,57,0,1,sleeping
2026-09-09T15:07:22.989727,955,SessionLeader,0.0,0.014165755470829886,0,0,2,0,1,sleeping
2026-09-09T15:07:22.989786,957,Relay(959),0.0,0.014266579353184547,0,0,146,0,1,sleeping
2026-09-09T15:07:22.989853,959,bash,0.0,0.06876188776587888,6848512,0,73,0,1,sleeping
2026-09-09T15:07:22.989919,1508,polkitd,0.0,0.10268912417822235,0,0,44,0,4,sleeping
2026-09-09T15:07:22.989981,1678,SessionLeader,0.0,0.014165755470829886,0,0,2,0,1,sleeping
2026-09-09T15:07:22.990041,1680,Relay(1683),0.0,0.014266579353184547,0,0,114,0,1,sleeping
2026-09-09T15:07:22.990110,1683,bash,0.0,0.06871147582470155,0,0,69,0,1,sleeping
2026-09-09T15:07:22.990172,2132,ssh-agent,0.0,0.04380797688310025,0,0,41,0,1,sleeping
2026-09-09T15:07:22.990232,3026,SessionLeader,0.0,0.014165755470829886,0,0,2,0,1,sleeping
2026-09-09T15:07:22.990290,3028,Relay(3031),0.0,0.014266579353184547,0,0,248,0,1,sleeping
2026-09-09T15:07:22.990358,3031,bash,0.0,0.06861065194234689,778240,57344,147,0,1,sleeping
2026-09-09T15:07:22.990427,3222,python,0.0,0.16852711935581605,5017600,73728,87,1,1,running
2026-09-09T15:07:25.007669,1,systemd,0.0,0.16701476112049612,0,0,1736,54,1,sleeping
2026-09-09T15:07:25.007832,2,init-systemd(Ub,0.0,0.027827391529886468,0,0,59,0,2,sleeping
2026-09-09T15:07:25.007996,7,init,0.0,0.025810913882793246,0,0,2,0,2,sleeping
2026-09-09T15:07:25.008060,40,systemd-journald,0.0,0.2024039438269822,0,0,1983,5,1,sleeping
2026-09-09T15:07:25.008185,94,systemd-udevd,0.0,0.08070951782490622,0,0,4395,24,1,sleeping
2026-09-09T15:07:25.008358,166,systemd-resolved,0.0,0.1669643491793188,0,0,417,0,1,sleeping
2026-09-09T15:07:25.008466,167,systemd-timesyncd,0.0,0.10067264653112912,0,0,777,9,2,sleeping
2026-09-09T15:07:25.008545,177,cron,0.0,0.0338264125299888,0,0,300,0,1,sleeping
2026-09-09T15:07:25.008604,178,dbus-daemon,0.0,0.06891312358941086,0,0,1017,0,1,sleeping
2026-09-09T15:07:25.008661,208,systemd-logind,0.0,0.11130956611954587,0,0,1449,7,1,sleeping
2026-09-09T15:07:25.008710,235,agetty,0.0,0.024903498941601297,0,0,8,0,1,sleeping
2026-09-09T15:07:25.008760,237,rsyslogd,0.0,0.07430720129538523,0,0,40,2,4,sleeping
2026-09-09T15:07:25.008856,259,unattended-upgr,0.0,0.2936999692991278,0,0,123,2,2,sleeping
2026-09-09T15:07:25.008936,309,apache2,0.0,0.06467852053051511,0,0,11913,43,1,sleeping
2026-09-09T15:07:25.008994,312,apache2,0.0,0.07289566694241999,0,0,2,0,27,sleeping
2026-09-09T15:07:25.009058,313,apache2,0.0,0.07294607888359732,0,0,2,0,27,sleeping
2026-09-09T15:07:25.009105,478,SessionLeader,0.0,0.014064931588475226,0,0,2,0,1,sleeping
2026-09-09T15:07:25.009150,479,Relay(480),0.0,0.015778937588504464,0,0,5482,0,1,sleeping
2026-09-09T15:07:25.009234,480,bash,0.0,0.06931641911882952,144330752,44417024,1415,0,1,sleeping
2026-09-09T15:07:25.009296,484,login,0.0,0.05883073535394476,0,0,61,0,1,sleeping
2026-09-09T15:07:25.009352,528,systemd,0.0,0.14508556670835734,0,0,434,3,1,sleeping
2026-09-09T15:07:25.009399,530,(sd-pam),0.0,0.04501786347135618,0,0,1,0,1,sleeping
2026-09-09T15:07:25.009454,555,bash,0.0,0.06790488476586426,376832,0,45,0,1,sleeping
2026-09-09T15:07:25.009502,908,SessionLeader,0.0,0.014165755470829886,0,0,2,0,1,sleeping
2026-09-09T15:07:25.009548,909,Relay(914),0.0,0.015879761470859125,0,0,276,0,1,sleeping
2026-09-09T15:07:25.009600,914,bash,0.0,0.06876188776587888,2375680,0,57,0,1,sleeping
2026-09-09T15:07:25.009648,955,SessionLeader,0.0,0.014165755470829886,0,0,2,0,1,sleeping
2026-09-09T15:07:25.009693,957,Relay(959),0.0,0.014266579353184547,0,0,146,0,1,sleeping
2026-09-09T15:07:25.009751,959,bash,0.0,0.06876188776587888,6848512,0,73,0,1,sleeping
2026-09-09T15:07:25.009804,1508,polkitd,0.0,0.10268912417822235,0,0,44,0,4,sleeping
2026-09-09T15:07:25.009855,1678,SessionLeader,0.0,0.014165755470829886,0,0,2,0,1,sleeping
2026-09-09T15:07:25.009904,1680,Relay(1683),0.0,0.014266579353184547,0,0,114,0,1,sleeping
2026-09-09T15:07:25.009958,1683,bash,0.0,0.06871147582470155,0,0,69,0,1,sleeping
2026-09-09T15:07:25.010011,2132,ssh-agent,0.0,0.04380797688310025,0,0,41,0,1,sleeping
2026-09-09T15:07:25.010056,3026,SessionLeader,0.0,0.014165755470829886,0,0,2,0,1,sleeping
2026-09-09T15:07:25.010107,3028,Relay(3031),0.0,0.014266579353184547,0,0,248,0,1,sleeping
2026-09-09T15:07:25.010160,3031,bash,0.0,0.06861065194234689,778240,57344,147,0,1,sleeping
2026-09-09T15:07:25.010239,3222,python,0.0,0.16852711935581605,5017600,77824,88,2,1,running
