cpu_percent,memory_percent,rss_mb,read_bytes_per_sec,write_bytes_per_sec,context_switches_per_sec,minor_page_faults_per_sec,major_page_faults_per_sec,num_threads,workload_type
99.7,0.1181,9.15,0.0,0.0,4.98,0.0,0.0,1,cpu
100.1,0.1181,9.15,0.0,0.0,2.57,0.0,0.0,1,cpu
100.2,0.1181,9.15,0.0,0.0,3.99,0.0,0.0,1,cpu
99.7,0.1181,9.15,0.0,0.0,0.66,0.0,0.0,1,cpu
100.2,0.1181,9.15,0.0,0.0,5.48,0.0,0.0,1,cpu
100.2,0.1181,9.15,0.0,0.0,4.49,0.0,0.0,1,cpu
99.7,0.1181,9.15,0.0,0.0,3.49,0.0,0.0,1,cpu
100.1,0.1181,9.15,0.0,0.0,3.49,0.0,0.0,1,cpu
100.1,0.1181,9.15,0.0,0.0,4.48,0.0,0.0,1,cpu
99.7,0.1181,9.15,0.0,0.0,3.99,0.0,0.0,1,cpu
100.2,0.1181,9.15,0.0,0.0,3.49,0.0,0.0,1,cpu
99.7,0.1181,9.15,0.0,0.0,0.0,0.0,0.0,1,cpu
100.2,0.1181,9.15,0.0,0.0,5.48,0.0,0.0,1,cpu
100.2,0.1181,9.15,0.0,0.0,3.97,0.0,0.0,1,cpu
99.7,0.1181,9.15,0.0,0.0,4.49,0.0,0.0,1,cpu
100.2,0.1181,9.15,0.0,0.0,4.98,0.0,0.0,1,cpu
100.2,0.1181,9.15,0.0,0.0,2.5,0.0,0.0,1,cpu
99.7,0.1181,9.15,0.0,0.0,3.99,0.0,0.0,1,cpu
100.1,0.1181,9.15,0.0,0.0,4.05,0.0,0.0,1,cpu
100.2,0.1181,9.15,0.0,0.0,3.49,0.0,0.0,1,cpu
99.7,0.1181,9.15,0.0,0.0,3.49,0.0,0.0,1,cpu
100.2,0.1181,9.15,0.0,0.0,2.94,0.0,0.0,1,cpu
100.2,0.1181,9.15,0.0,0.0,4.98,0.0,0.0,1,cpu
11.0,0.1304,10.11,8162.23,241863103.57,462.81,0.0,0.0,1,io
9.0,0.1304,10.11,6120.83,205268045.78,393.51,0.0,0.0,1,io
8.5,0.1304,10.11,4080.95,165066110.11,315.83,0.0,0.0,1,io
9.0,0.1304,10.11,4080.17,143099579.85,274.43,0.0,0.0,1,io
10.0,0.1304,10.11,6121.46,157754103.85,302.88,0.0,0.0,1,io
5.5,0.1304,10.11,0.0,0.0,0.0,0.0,0.0,1,io
5.5,0.1304,10.11,0.0,54807947.37,105.04,0.0,0.0,1,io
5.5,0.1304,10.11,2039.1,62119020.83,118.98,0.0,0.0,1,io
5.0,0.1304,10.11,2043.93,61743080.9,121.76,0.0,0.0,1,io
5.5,0.1304,10.11,2039.34,71001652.91,135.42,0.0,0.0,1,io
9.0,0.1304,10.11,6033.61,146222418.98,285.77,0.0,0.0,1,io
10.0,0.1304,10.11,6122.28,167179183.26,320.36,0.0,0.0,1,io
8.5,0.1304,10.11,14284.54,148885683.13,286.97,0.0,0.0,1,io
9.0,0.1304,10.11,8289.07,141113167.68,276.74,0.0,0.0,1,io
5.0,0.1304,10.11,4081.09,68431792.22,131.52,0.0,0.0,1,io
5.0,0.1304,10.11,2008.51,57073902.11,114.25,0.0,0.0,1,io
5.0,0.1304,10.11,6122.59,65830111.19,127.55,0.0,0.0,1,io
6.5,0.1304,10.11,4081.92,72102960.4,138.02,0.0,0.0,1,io
4.5,0.1304,10.11,3947.29,68714337.37,136.36,0.0,0.0,1,io
9.5,0.1304,10.11,10199.69,161367226.0,310.27,0.0,0.0,1,io
8.0,0.1304,10.11,6387.51,146623116.87,286.42,0.0,0.0,1,io
9.0,0.1304,10.11,4080.8,160358993.96,307.85,0.0,0.0,1,io
6.5,0.1304,10.11,4079.26,152466606.55,292.8,0.0,0.0,1,io
4.0,0.1304,10.11,2035.78,128726297.11,249.01,0.0,0.0,1,io
4.5,0.1304,10.11,0.0,139461024.06,266.0,0.0,0.0,1,io
3.5,0.1304,10.11,0.0,101018879.21,197.62,0.0,0.0,1,io
2.0,0.1304,10.11,0.0,56901602.76,108.53,0.0,0.0,1,io
2.5,0.1304,10.11,0.0,66337087.32,126.53,0.0,0.0,1,io
3.5,0.1304,10.11,0.0,68314503.08,134.78,0.0,0.0,1,io
2.5,0.1304,10.11,0.0,77802170.3,147.9,0.0,0.0,1,io
99.6,13.2388,1025.83,0.0,0.0,3.99,0.0,0.0,20,memory
100.1,13.2388,1025.83,0.0,0.0,7.97,0.0,0.0,20,memory
100.1,13.2388,1025.83,0.0,0.0,4.48,0.0,0.0,20,memory
100.1,13.2388,1025.83,0.0,0.0,0.58,0.0,0.0,20,memory
99.6,13.2388,1025.83,0.0,0.0,3.49,0.0,0.0,20,memory
100.1,13.2388,1025.83,0.0,0.0,2.49,0.0,0.0,20,memory
100.1,13.2388,1025.83,0.0,0.0,2.49,0.0,0.0,20,memory
99.6,13.2388,1025.83,0.0,0.0,3.99,0.0,0.0,20,memory
100.1,13.2388,1025.83,0.0,0.0,3.49,0.0,0.0,20,memory
100.1,13.2388,1025.83,0.0,0.0,3.49,0.0,0.0,20,memory
99.6,13.2388,1025.83,0.0,0.0,2.49,0.0,0.0,20,memory
100.1,13.2388,1025.83,0.0,0.0,0.0,0.0,0.0,20,memory
100.1,13.2388,1025.83,0.0,0.0,3.99,0.0,0.0,20,memory
100.1,13.2388,1025.83,0.0,0.0,2.52,0.0,0.0,20,memory
99.6,13.2388,1025.83,0.0,0.0,4.48,0.0,0.0,20,memory
100.1,13.2388,1025.83,0.0,0.0,2.98,0.0,0.0,20,memory
99.6,13.2388,1025.83,0.0,0.0,5.48,0.0,0.0,20,memory
100.1,13.2388,1025.83,0.0,0.0,3.99,0.0,0.0,20,memory
100.1,13.2388,1025.83,0.0,0.0,2.45,0.0,0.0,20,memory
100.1,13.2388,1025.83,0.0,0.0,5.48,0.0,0.0,20,memory
99.6,13.2388,1025.83,0.0,0.0,2.57,0.0,0.0,20,memory
100.1,13.2388,1025.83,0.0,0.0,5.48,0.0,0.0,20,memory
100.1,13.2388,1025.83,0.0,0.0,4.48,0.0,0.0,20,memory
